<?xml version = '1.0' encoding = 'UTF-8'?>
<FKIndexAssociation class="oracle.dbtools.crest.model.design.relational.FKIndexAssociation" directorySegmentName="seg_0" id="CDE4AD81-B172-D220-0756-5B9C10A2D0A0" containerWithKeyObject="8DE02B8A-A42B-19A9-D2E3-7ED3A1F73530" localFKIndex="0CD0F4F6-DCC3-B7EF-9354-43F3D57E30C5" name="F15F2_Hist_F15F2_RFE_FK">
<createdBy>Jobin</createdBy>
<createdTime>2015-11-18 02:23:22 UTC</createdTime>
<generatorID>A51BE359-3C5F-5149-CFE3-8C281E03771A</generatorID>
<ownerDesignName>New RFE Relational</ownerDesignName>
<deleteRule>NO ACTION</deleteRule>
<referredTableID>4DE49626-F5AF-B955-3BEB-2719208FCE2C</referredTableID>
<keyObject>D4421F86-2221-12D9-FBEE-6C4D0F9A7B2B</keyObject>
<referredKeyID>D4421F86-2221-12D9-FBEE-6C4D0F9A7B2B</referredKeyID>
<mandatory>false</mandatory>
<transferable>true</transferable>
<rely>false</rely>
<columnDependencyConstraintGenerateInDDL>true</columnDependencyConstraintGenerateInDDL>
</FKIndexAssociation>