<?xml version = '1.0' encoding = 'UTF-8'?>
<FKIndexAssociation class="oracle.dbtools.crest.model.design.relational.FKIndexAssociation" directorySegmentName="seg_0" id="FD472DC7-149C-31D7-0237-7AEAF77BFD61" containerWithKeyObject="4DE49626-F5AF-B955-3BEB-2719208FCE2C" localFKIndex="259A75C5-2D39-FC7D-86F7-E70FDA3440B4" name="F15F2_RFE_F15F2_Emp_FK">
<createdBy>Jobin</createdBy>
<createdTime>2015-11-18 02:23:23 UTC</createdTime>
<generatorID>A3B450CB-F3F1-57E7-184D-7023D65B5C1E</generatorID>
<ownerDesignName>New RFE Relational</ownerDesignName>
<deleteRule>NO ACTION</deleteRule>
<referredTableID>E33173DE-7919-7F86-3108-89E29A537468</referredTableID>
<keyObject>47AD67A3-6D6B-88A2-58B4-88896567C64E</keyObject>
<referredKeyID>47AD67A3-6D6B-88A2-58B4-88896567C64E</referredKeyID>
<mandatory>false</mandatory>
<transferable>true</transferable>
<rely>false</rely>
<columnDependencyConstraintGenerateInDDL>true</columnDependencyConstraintGenerateInDDL>
</FKIndexAssociation>