<?xml version = '1.0' encoding = 'UTF-8'?>
<Relation class="oracle.dbtools.crest.model.design.logical.Relation" name="Relation_8" directorySegmentName="seg_0" id="73F84411-C39A-2B07-CCD3-5F3B039D0404">
<createdBy>Jobin</createdBy>
<createdTime>2015-11-02 22:25:17 UTC</createdTime>
<comment>Approvers</comment>
<ownerDesignName>New RFE</ownerDesignName>
<engineerTo>
<item key="493DE592-6597-4766-8CA7-B3FDAE387604" value="true"/>
</engineerTo>
<identifying>false</identifying>
<optionalSource>true</optionalSource>
<optionalTarget>true</optionalTarget>
<sourceCardinality>*</sourceCardinality>
<sourceEntity>389AE38D-4499-CADD-8F72-7353991CF204</sourceEntity>
<targetCardinalityString>*</targetCardinalityString>
<targetEntity>9F6BF17F-FE4A-6C09-E842-8B60E62244BC</targetEntity>
<transferable>true</transferable>
<deleteRule>NO ACTION</deleteRule>
</Relation>