<?xml version = '1.0' encoding = 'UTF-8'?>
<Relation class="oracle.dbtools.crest.model.design.logical.Relation" name="Relation_11" directorySegmentName="seg_0" id="F143703D-EEB1-A090-17D3-718A4F76FB6C">
<createdBy>Jobin</createdBy>
<createdTime>2015-11-02 22:34:17 UTC</createdTime>
<ownerDesignName>New RFE</ownerDesignName>
<engineerTo>
<item key="493DE592-6597-4766-8CA7-B3FDAE387604" value="true"/>
</engineerTo>
<sourcePk>6E42459B-78B8-C321-D568-A1246450DBDB</sourcePk>
<identifying>false</identifying>
<optionalSource>true</optionalSource>
<optionalTarget>true</optionalTarget>
<sourceCardinality>*</sourceCardinality>
<sourceEntity>3E947085-D53A-B80E-1CE3-C28965581E53</sourceEntity>
<targetCardinalityString>*</targetCardinalityString>
<targetEntity>389AE38D-4499-CADD-8F72-7353991CF204</targetEntity>
<transferable>true</transferable>
<deleteRule>NO ACTION</deleteRule>
</Relation>