<?xml version = '1.0' encoding = 'UTF-8'?>
<FKIndexAssociation class="oracle.dbtools.crest.model.design.relational.FKIndexAssociation" directorySegmentName="seg_0" id="0922EE57-0CAC-6A13-E6DC-54BCB2A85AC7" containerWithKeyObject="4DE49626-F5AF-B955-3BEB-2719208FCE2C" localFKIndex="CD50B4DF-0D2D-D6E2-FF74-32977F3823D5" name="F15F2_RFE_F15F2_Status_FK">
<createdBy>Jobin</createdBy>
<createdTime>2015-11-18 02:23:23 UTC</createdTime>
<generatorID>AB6A14E8-94CD-C9A6-67DB-C01F6F186884</generatorID>
<ownerDesignName>New RFE Relational</ownerDesignName>
<deleteRule>NO ACTION</deleteRule>
<referredTableID>AC98339A-783B-986C-54DC-44A4B62D15D4</referredTableID>
<keyObject>8EB5E8D2-C754-125D-E55B-006CE3F6CEB8</keyObject>
<referredKeyID>8EB5E8D2-C754-125D-E55B-006CE3F6CEB8</referredKeyID>
<mandatory>false</mandatory>
<transferable>true</transferable>
<rely>false</rely>
<columnDependencyConstraintGenerateInDDL>true</columnDependencyConstraintGenerateInDDL>
</FKIndexAssociation>