<?xml version = '1.0' encoding = 'UTF-8'?>
<FKIndexAssociation class="oracle.dbtools.crest.model.design.relational.FKIndexAssociation" directorySegmentName="seg_0" id="179DAB1F-C798-9142-4714-8C0D88DADA41" containerWithKeyObject="5E5C826D-5C58-276B-76D6-E2707389C9ED" localFKIndex="3EAA04C9-F090-B70E-F1D7-F070C240ACA6" name="F15F2_RFE_Tasks_F15F2_RFE_FK">
<createdBy>Jobin</createdBy>
<createdTime>2015-11-18 02:23:23 UTC</createdTime>
<generatorID>8C552897-F197-C876-9C01-BE34026BEE6E</generatorID>
<ownerDesignName>New RFE Relational</ownerDesignName>
<deleteRule>NO ACTION</deleteRule>
<referredTableID>4DE49626-F5AF-B955-3BEB-2719208FCE2C</referredTableID>
<keyObject>D4421F86-2221-12D9-FBEE-6C4D0F9A7B2B</keyObject>
<referredKeyID>D4421F86-2221-12D9-FBEE-6C4D0F9A7B2B</referredKeyID>
<mandatory>true</mandatory>
<transferable>true</transferable>
<rely>false</rely>
<columnDependencyConstraintGenerateInDDL>true</columnDependencyConstraintGenerateInDDL>
</FKIndexAssociation>