<?xml version = '1.0' encoding = 'UTF-8'?>
<FKIndexAssociation class="oracle.dbtools.crest.model.design.relational.FKIndexAssociation" directorySegmentName="seg_0" id="1B8677E9-A9DD-4F0C-5F70-A2E6565B19EE" containerWithKeyObject="06063C0F-A8B3-8B4B-D8D8-60164C1E8835" localFKIndex="2FA8860B-FE8F-0E51-C04D-12144D96DF4E" name="F15F2_Contacts_F15F2_RFE_FK">
<createdBy>Jobin</createdBy>
<createdTime>2015-11-18 02:23:22 UTC</createdTime>
<generatorID>E6421FC4-C78F-6D84-E869-29A9355846AD</generatorID>
<ownerDesignName>New RFE Relational</ownerDesignName>
<deleteRule>NO ACTION</deleteRule>
<referredTableID>4DE49626-F5AF-B955-3BEB-2719208FCE2C</referredTableID>
<keyObject>D4421F86-2221-12D9-FBEE-6C4D0F9A7B2B</keyObject>
<referredKeyID>D4421F86-2221-12D9-FBEE-6C4D0F9A7B2B</referredKeyID>
<mandatory>true</mandatory>
<transferable>true</transferable>
<rely>false</rely>
<columnDependencyConstraintGenerateInDDL>true</columnDependencyConstraintGenerateInDDL>
</FKIndexAssociation>