<?xml version = '1.0' encoding = 'UTF-8'?>
<FKIndexAssociation class="oracle.dbtools.crest.model.design.relational.FKIndexAssociation" directorySegmentName="seg_0" id="8B4BBF5D-A3C0-439B-27A3-953B8A3DCEA8" containerWithKeyObject="E33173DE-7919-7F86-3108-89E29A537468" localFKIndex="5A9D5736-8FFE-E523-5F07-03E0472C9925" name="F15F2_Emp_F15F2_Lab_FK">
<createdBy>Jobin</createdBy>
<createdTime>2015-11-18 02:23:23 UTC</createdTime>
<generatorID>839F9806-CD96-71EE-1944-A73C391CCA6C</generatorID>
<ownerDesignName>New RFE Relational</ownerDesignName>
<deleteRule>NO ACTION</deleteRule>
<referredTableID>893FC0EB-2B9B-D346-6C97-D9B80B6E23ED</referredTableID>
<keyObject>E9DCEB7A-6038-34D1-0D51-713EE820B8A9</keyObject>
<referredKeyID>E9DCEB7A-6038-34D1-0D51-713EE820B8A9</referredKeyID>
<mandatory>false</mandatory>
<transferable>true</transferable>
<rely>false</rely>
<columnDependencyConstraintGenerateInDDL>true</columnDependencyConstraintGenerateInDDL>
</FKIndexAssociation>