<?xml version = '1.0' encoding = 'UTF-8'?>
<FKIndexAssociation class="oracle.dbtools.crest.model.design.relational.FKIndexAssociation" directorySegmentName="seg_0" id="CAF753F8-5029-9DDA-B19D-6CD0E7D87583" containerWithKeyObject="60721F25-A546-602C-EADC-0BE94A151794" localFKIndex="7174DC74-1345-13CB-C3CC-D588F6E58A00" name="F15F2_Doc_F15F2_RFE_FK">
<createdBy>Jobin</createdBy>
<createdTime>2015-11-18 02:23:22 UTC</createdTime>
<generatorID>8A008786-4D09-EC41-0FE7-7D804A889204</generatorID>
<ownerDesignName>New RFE Relational</ownerDesignName>
<deleteRule>NO ACTION</deleteRule>
<referredTableID>4DE49626-F5AF-B955-3BEB-2719208FCE2C</referredTableID>
<keyObject>D4421F86-2221-12D9-FBEE-6C4D0F9A7B2B</keyObject>
<referredKeyID>D4421F86-2221-12D9-FBEE-6C4D0F9A7B2B</referredKeyID>
<mandatory>false</mandatory>
<transferable>true</transferable>
<rely>false</rely>
<columnDependencyConstraintGenerateInDDL>true</columnDependencyConstraintGenerateInDDL>
</FKIndexAssociation>