<?xml version = '1.0' encoding = 'UTF-8'?>
<Entity class="oracle.dbtools.crest.model.design.logical.Entity" directorySegmentName="seg_0" id="9D32718A-37C2-E279-82D2-F20FC97A7D60" name="F15F2_Doc">
<createdBy>Jobin</createdBy>
<createdTime>2015-11-02 22:35:45 UTC</createdTime>
<comment>cannata req.</comment>
<ownerDesignName>New RFE</ownerDesignName>
<engineerTo>
<item key="493DE592-6597-4766-8CA7-B3FDAE387604" value="true"/>
</engineerTo>
<adequatelyNormalized>NO</adequatelyNormalized>
<expectedVolumes>0</expectedVolumes>
<fwdEngineeringStrategyName>Single Table</fwdEngineeringStrategyName>
<growthPercent>0</growthPercent>
<growthType>Year</growthType>
<maxVolumes>9999999</maxVolumes>
<minVolumes>0</minVolumes>
<normalForm>Third</normalForm>
<attributes itemClass="oracle.dbtools.crest.model.design.logical.Attribute">
<Attribute name="doc_id" id="AC6BA74E-9886-D8E0-721C-DECC15F6F894">
<createdBy>Jobin</createdBy>
<createdTime>2015-11-02 22:35:56 UTC</createdTime>
<ownerDesignName>New RFE</ownerDesignName>
<engineerTo>
<item key="493DE592-6597-4766-8CA7-B3FDAE387604" value="true"/>
</engineerTo>
<useDomainConstraints>false</useDomainConstraints>
<use>1</use>
<logicalDatatype>LOGDT011</logicalDatatype>
<ownDataTypeParameters>,,</ownDataTypeParameters>
</Attribute>
<Attribute name="rfe_id" id="C4203448-0C28-2EE9-53CB-C0DEC64641AB">
<createdBy>Jobin</createdBy>
<createdTime>2015-11-02 22:36:29 UTC</createdTime>
<generatorID>8A008786-4D09-EC41-0FE7-7D804A889204</generatorID>
<ownerDesignName>New RFE</ownerDesignName>
<engineerTo>
<item key="493DE592-6597-4766-8CA7-B3FDAE387604" value="true"/>
</engineerTo>
<nullsAllowed>true</nullsAllowed>
<referedAttribute>1F24CCD6-C348-13A1-46FC-D072AA810D93</referedAttribute>
<useDomainConstraints>false</useDomainConstraints>
<use>1</use>
<logicalDatatype>LOGDT011</logicalDatatype>
<ownDataTypeParameters>,,</ownDataTypeParameters>
</Attribute>
</attributes>
<identifiers itemClass="oracle.dbtools.crest.model.design.logical.CandidateKey">
<identifier id="94437286-8D34-AF96-7CE2-73CE08923BA3" name="F15F2_doc PK">
<createdBy>Jobin</createdBy>
<createdTime>2015-11-02 22:36:01 UTC</createdTime>
<ownerDesignName>New RFE</ownerDesignName>
<engineerTo>
<item key="493DE592-6597-4766-8CA7-B3FDAE387604" value="true"/>
</engineerTo>
<pk>true</pk>
<usedAttributes>
<attributeRef>AC6BA74E-9886-D8E0-721C-DECC15F6F894</attributeRef>
</usedAttributes>
</identifier>
</identifiers>
</Entity>