<?xml version = '1.0' encoding = 'UTF-8'?>
<Entity class="oracle.dbtools.crest.model.design.logical.Entity" directorySegmentName="seg_0" id="AF3AB0E3-040A-CAEE-BFFD-11B3E9686C82" name="F15F2_Status">
<createdBy>Jobin</createdBy>
<createdTime>2015-11-02 22:29:11 UTC</createdTime>
<ownerDesignName>New RFE</ownerDesignName>
<engineerTo>
<item key="493DE592-6597-4766-8CA7-B3FDAE387604" value="true"/>
</engineerTo>
<adequatelyNormalized>NO</adequatelyNormalized>
<expectedVolumes>0</expectedVolumes>
<fwdEngineeringStrategyName>Single Table</fwdEngineeringStrategyName>
<growthPercent>0</growthPercent>
<growthType>Year</growthType>
<maxVolumes>9999999</maxVolumes>
<minVolumes>0</minVolumes>
<normalForm>Third</normalForm>
<attributes itemClass="oracle.dbtools.crest.model.design.logical.Attribute">
<Attribute name="status_id" id="72AF99C3-AA42-FF78-CC20-C13F009AE915">
<createdBy>Jobin</createdBy>
<createdTime>2015-11-02 22:29:20 UTC</createdTime>
<ownerDesignName>New RFE</ownerDesignName>
<engineerTo>
<item key="493DE592-6597-4766-8CA7-B3FDAE387604" value="true"/>
</engineerTo>
<useDomainConstraints>false</useDomainConstraints>
<use>1</use>
<logicalDatatype>LOGDT011</logicalDatatype>
<ownDataTypeParameters>,,</ownDataTypeParameters>
</Attribute>
<Attribute name="effective_date" id="54AE8A21-4786-CCDA-F490-C645B212AD3A">
<createdBy>Jobin</createdBy>
<createdTime>2015-11-18 01:48:53 UTC</createdTime>
<ownerDesignName>New RFE</ownerDesignName>
<engineerTo>
<item key="493DE592-6597-4766-8CA7-B3FDAE387604" value="true"/>
</engineerTo>
<useDomainConstraints>false</useDomainConstraints>
<use>1</use>
<logicalDatatype>LOGDT007</logicalDatatype>
<ownDataTypeParameters>,,</ownDataTypeParameters>
</Attribute>
<Attribute name="entered_by_emp_id" id="CD55C2C8-AAB0-CDD0-D4EF-03E292514208">
<createdBy>Jobin</createdBy>
<createdTime>2015-11-18 01:49:04 UTC</createdTime>
<ownerDesignName>New RFE</ownerDesignName>
<engineerTo>
<item key="493DE592-6597-4766-8CA7-B3FDAE387604" value="true"/>
</engineerTo>
<useDomainConstraints>false</useDomainConstraints>
<use>1</use>
<logicalDatatype>LOGDT011</logicalDatatype>
<ownDataTypeParameters>,,</ownDataTypeParameters>
</Attribute>
</attributes>
<identifiers itemClass="oracle.dbtools.crest.model.design.logical.CandidateKey">
<identifier id="7EB29DF6-0251-9E1D-2553-9ADCCAD5281D" name="F15F2_Status PK">
<createdBy>Jobin</createdBy>
<createdTime>2015-11-02 22:29:27 UTC</createdTime>
<ownerDesignName>New RFE</ownerDesignName>
<engineerTo>
<item key="493DE592-6597-4766-8CA7-B3FDAE387604" value="true"/>
</engineerTo>
<pk>true</pk>
<usedAttributes>
<attributeRef>72AF99C3-AA42-FF78-CC20-C13F009AE915</attributeRef>
</usedAttributes>
</identifier>
</identifiers>
</Entity>