<?xml version = '1.0' encoding = 'UTF-8'?>
<Entity class="oracle.dbtools.crest.model.design.logical.Entity" directorySegmentName="seg_0" id="D7E6B653-4679-2A01-F29D-F561D3AFD61E" name="F15F2_Hist">
<createdBy>Jobin</createdBy>
<createdTime>2015-11-02 22:31:45 UTC</createdTime>
<ownerDesignName>New RFE</ownerDesignName>
<engineerTo>
<item key="493DE592-6597-4766-8CA7-B3FDAE387604" value="true"/>
</engineerTo>
<adequatelyNormalized>NO</adequatelyNormalized>
<expectedVolumes>0</expectedVolumes>
<fwdEngineeringStrategyName>Single Table</fwdEngineeringStrategyName>
<growthPercent>0</growthPercent>
<growthType>Year</growthType>
<maxVolumes>9999999</maxVolumes>
<minVolumes>0</minVolumes>
<normalForm>Third</normalForm>
<attributes itemClass="oracle.dbtools.crest.model.design.logical.Attribute">
<Attribute name="hist_id" id="C2F6AE23-E3F8-1CFF-455C-B9DE18383B69">
<createdBy>Jobin</createdBy>
<createdTime>2015-11-02 22:31:56 UTC</createdTime>
<ownerDesignName>New RFE</ownerDesignName>
<engineerTo>
<item key="493DE592-6597-4766-8CA7-B3FDAE387604" value="true"/>
</engineerTo>
<useDomainConstraints>false</useDomainConstraints>
<use>1</use>
<logicalDatatype>LOGDT011</logicalDatatype>
<ownDataTypeParameters>,,</ownDataTypeParameters>
</Attribute>
<Attribute name="rfe_id" id="23DFA54E-4A64-BFCC-EE47-962643264C92">
<createdBy>Jobin</createdBy>
<createdTime>2015-11-02 22:32:43 UTC</createdTime>
<generatorID>A51BE359-3C5F-5149-CFE3-8C281E03771A</generatorID>
<ownerDesignName>New RFE</ownerDesignName>
<engineerTo>
<item key="493DE592-6597-4766-8CA7-B3FDAE387604" value="true"/>
</engineerTo>
<nullsAllowed>true</nullsAllowed>
<referedAttribute>1F24CCD6-C348-13A1-46FC-D072AA810D93</referedAttribute>
<useDomainConstraints>false</useDomainConstraints>
<use>1</use>
<logicalDatatype>LOGDT011</logicalDatatype>
<ownDataTypeParameters>,,</ownDataTypeParameters>
</Attribute>
</attributes>
<identifiers itemClass="oracle.dbtools.crest.model.design.logical.CandidateKey">
<identifier id="A4A44531-6AD7-7052-E38E-6E81A58DAD21" name="F15F2_Hist PK">
<createdBy>Jobin</createdBy>
<createdTime>2015-11-02 22:32:06 UTC</createdTime>
<ownerDesignName>New RFE</ownerDesignName>
<engineerTo>
<item key="493DE592-6597-4766-8CA7-B3FDAE387604" value="true"/>
</engineerTo>
<pk>true</pk>
<usedAttributes>
<attributeRef>C2F6AE23-E3F8-1CFF-455C-B9DE18383B69</attributeRef>
</usedAttributes>
</identifier>
</identifiers>
</Entity>