<?xml version = '1.0' encoding = 'UTF-8'?>
<Diagram class="oracle.dbtools.crest.swingui.logical.DPVLogical" name="Logical" id="62BFBDFB-183E-0360-30BA-FEE4C66C8B91">
<createdBy>Jobin</createdBy>
<modifiedBy>Jobin</modifiedBy>
<createdTime>2015-11-02 22:02:17 UTC</createdTime>
<autoRoute>false</autoRoute>
<boxInbox>false</boxInbox>
<showLegend>false</showLegend>
<showLabels>false</showLabels>
<showRelAttributes>false</showRelAttributes>
<gridEnabled>false</gridEnabled>
<showGrid>false</showGrid>
<diagramColor>-1</diagramColor>
<display>false</display>
<notation>2</notation>
<objectViews>
<OView class="oracle.dbtools.crest.swingui.logical.TVEntity" oid="0318FB66-F026-7321-386E-221760B7EDB5" otype="Entity" vid="DB6DB503-7DB5-7725-CE4B-797DBFE32DF9">
<hideElementsInCurrentOnly>false</hideElementsInCurrentOnly>
<bounds x="505" y="63" width="169" height="94"/>
</OView>
<OView class="oracle.dbtools.crest.swingui.TVNote" oid="061981E2-2621-DD19-9A83-9BF66754844F" otype="Note" vid="82104B37-EE02-01B5-76B1-C785F0A2E6C1">
<hideElementsInCurrentOnly>false</hideElementsInCurrentOnly>
<bounds x="828" y="163" width="272" height="107"/>
<comment>Check constraint on right = &quot;Edit&quot;, &quot;View&quot;&lt;br/&gt;&lt;br/&gt;A person with this authorization can either view or edit&lt;br/&gt;Requester can edit their own, otherwise check constraint&lt;br/&gt;Give auth of edit, view, or none because not all employees have rights&lt;br/&gt;</comment>
</OView>
<OView class="oracle.dbtools.crest.swingui.logical.TVEntity" oid="0B60062F-8BC3-D12B-6CBD-9B0C8485F70D" otype="Entity" vid="F76C141D-18BA-0E18-7C65-2269EFDA348D">
<hideElementsInCurrentOnly>false</hideElementsInCurrentOnly>
<bounds x="0" y="29" width="109" height="66"/>
</OView>
<OView class="oracle.dbtools.crest.swingui.logical.TVEntity" oid="0B6C732D-10FF-7B19-8E63-7B6FB4BC06E5" otype="Entity" vid="9A29F9CD-7F5E-56B3-6D40-947188BF9791">
<hideElementsInCurrentOnly>false</hideElementsInCurrentOnly>
<bounds x="0" y="101" width="114" height="65"/>
</OView>
<OView class="oracle.dbtools.crest.swingui.TVNote" oid="147859A2-F3C6-7A36-645C-B6B0C7B39496" otype="Note" vid="0481B1F3-55B6-898D-7588-475B5914F01D">
<hideElementsInCurrentOnly>false</hideElementsInCurrentOnly>
<bounds x="379" y="323" width="75" height="32"/>
<comment>Requestor&lt;br/&gt;- Can edit RFE</comment>
</OView>
<OView class="oracle.dbtools.crest.swingui.logical.TVEntity" oid="2CB0C8D6-D338-CBBC-7298-02E1B3F144D3" otype="Entity" vid="3B867DBD-BEFB-FAC9-71A3-62D25C8DCE26">
<hideElementsInCurrentOnly>false</hideElementsInCurrentOnly>
<bounds x="0" y="255" width="117" height="64"/>
</OView>
<OView class="oracle.dbtools.crest.swingui.logical.TVEntity" oid="389AE38D-4499-CADD-8F72-7353991CF204" otype="Entity" vid="BCA3B552-C9B0-2155-FF76-E5CBE777130F">
<hideElementsInCurrentOnly>false</hideElementsInCurrentOnly>
<bounds x="233" y="384" width="178" height="118"/>
</OView>
<OView class="oracle.dbtools.crest.swingui.logical.TVEntity" oid="3CBBB1C7-3928-D32E-C311-28DDF8FDDC56" otype="Entity" vid="59B3F90F-67AC-8941-F259-99F033CD0864">
<hideElementsInCurrentOnly>false</hideElementsInCurrentOnly>
<bounds x="508" y="186" width="156" height="88"/>
</OView>
<OView class="oracle.dbtools.crest.swingui.logical.TVEntity" oid="3E947085-D53A-B80E-1CE3-C28965581E53" otype="Entity" vid="4ED631BF-09A0-0876-E590-943099C369D3">
<hideElementsInCurrentOnly>false</hideElementsInCurrentOnly>
<bounds x="490" y="304" width="148" height="113"/>
</OView>
<OView class="oracle.dbtools.crest.swingui.TVNote" oid="610C2A71-45C2-4383-7BA4-A8DFB137097B" otype="Note" vid="7E56F30F-6E8F-23EE-74A5-C1C5B2651261">
<hideElementsInCurrentOnly>false</hideElementsInCurrentOnly>
<bounds x="903" y="378" width="71" height="32"/>
<comment>Same as status code&lt;br/&gt;</comment>
</OView>
<OView class="oracle.dbtools.crest.swingui.TVNote" oid="98749F57-D1F4-82AA-B7DA-657F451476D9" otype="Note" vid="52324653-2DEB-7D22-C7C7-A3EB38CFC8AD">
<hideElementsInCurrentOnly>false</hideElementsInCurrentOnly>
<bounds x="298" y="318" width="69" height="31"/>
<comment>Approvers&lt;br/&gt;- Can edit</comment>
</OView>
<OView class="oracle.dbtools.crest.swingui.logical.TVEntity" oid="99826992-A0E7-9C26-29BC-A4E1B467B27E" otype="Entity" vid="A9E319D3-6D87-A0DF-59BE-0DC1F97A969B">
<hideElementsInCurrentOnly>false</hideElementsInCurrentOnly>
<bounds x="20" y="363" width="156" height="128"/>
</OView>
<OView class="oracle.dbtools.crest.swingui.logical.TVEntity" oid="9D32718A-37C2-E279-82D2-F20FC97A7D60" otype="Entity" vid="1457F2F9-9BB6-EF7C-893E-43F2094A0AC8">
<hideElementsInCurrentOnly>false</hideElementsInCurrentOnly>
<bounds x="236" y="535" width="186" height="133"/>
</OView>
<OView class="oracle.dbtools.crest.swingui.logical.TVEntity" oid="9F6BF17F-FE4A-6C09-E842-8B60E62244BC" otype="Entity" vid="71433395-D205-3600-3BF3-6248AA1378BE">
<hideElementsInCurrentOnly>false</hideElementsInCurrentOnly>
<bounds x="218" y="35" width="230" height="250"/>
</OView>
<OView class="oracle.dbtools.crest.swingui.TVNote" oid="A2139FB7-3EDE-7556-1E53-8DF31D507376" otype="Note" vid="71E0EE38-049E-AAB5-B8FE-F7638D40F77F">
<hideElementsInCurrentOnly>false</hideElementsInCurrentOnly>
<bounds x="193" y="314" width="85" height="35"/>
<comment>Contacts or FYI Reviewers&lt;br/&gt;- Person that gets contacted when the RFE is approved&lt;br/&gt;- Can only view RFE</comment>
</OView>
<OView class="oracle.dbtools.crest.swingui.TVNote" oid="A7AACBBC-C554-48AD-6248-793D4DE10F76" otype="Note" vid="DF49726B-E554-FDC4-FC19-C18D92236DA1">
<hideElementsInCurrentOnly>false</hideElementsInCurrentOnly>
<bounds x="939" y="50" width="95" height="40"/>
<comment>Can remove one of the FKs?</comment>
</OView>
<OView class="oracle.dbtools.crest.swingui.logical.TVEntity" oid="AF3AB0E3-040A-CAEE-BFFD-11B3E9686C82" otype="Entity" vid="0A7645A3-EB4B-D362-A828-159896C82103">
<hideElementsInCurrentOnly>false</hideElementsInCurrentOnly>
<bounds x="489" y="430" width="137" height="104"/>
</OView>
<OView class="oracle.dbtools.crest.swingui.logical.TVEntity" oid="D7E6B653-4679-2A01-F29D-F561D3AFD61E" otype="Entity" vid="C6511ABE-B19B-0AC0-7687-AFC3B7D8D057">
<hideElementsInCurrentOnly>false</hideElementsInCurrentOnly>
<bounds x="491" y="551" width="127" height="97"/>
</OView>
<OView class="oracle.dbtools.crest.swingui.logical.TVEntity" oid="DF2BEB09-9390-14CE-7485-EC32C42F5B73" otype="Entity" vid="973F53DC-923D-C534-E9F2-317604BCC633">
<hideElementsInCurrentOnly>false</hideElementsInCurrentOnly>
<bounds x="0" y="175" width="116" height="64"/>
</OView>
</objectViews>
<connectors>
<Connector class="oracle.dbtools.crest.swingui.logical.TVRelation" oid="0A126F2D-BAB4-D020-B68A-2B76659A0289" otype="Relation" vid_source="BCA3B552-C9B0-2155-FF76-E5CBE777130F" vid_target="A9E319D3-6D87-A0DF-59BE-0DC1F97A969B">
<hideElementsInCurrentOnly>false</hideElementsInCurrentOnly>
<lineWidth>1</lineWidth>
<points>
<point x="233" y="437"/>
<point x="176" y="437"/>
</points>
</Connector>
<Connector class="oracle.dbtools.crest.swingui.logical.TVRelation" oid="59195559-CF4D-30CC-82FF-3110F8E944C5" otype="Relation" vid_source="71433395-D205-3600-3BF3-6248AA1378BE" vid_target="A9E319D3-6D87-A0DF-59BE-0DC1F97A969B">
<hideElementsInCurrentOnly>false</hideElementsInCurrentOnly>
<lineWidth>1</lineWidth>
<points>
<point x="218" y="201"/>
<point x="162" y="201"/>
<point x="162" y="363"/>
</points>
</Connector>
<Connector class="oracle.dbtools.crest.swingui.logical.TVRelation" oid="703627AD-732C-8024-F2B6-1721BDF5C741" otype="Relation" vid_source="71433395-D205-3600-3BF3-6248AA1378BE" vid_target="59B3F90F-67AC-8941-F259-99F033CD0864">
<hideElementsInCurrentOnly>false</hideElementsInCurrentOnly>
<lineWidth>1</lineWidth>
<points>
<point x="448" y="230"/>
<point x="508" y="230"/>
</points>
</Connector>
<Connector class="oracle.dbtools.crest.swingui.logical.TVRelation" oid="73F84411-C39A-2B07-CCD3-5F3B039D0404" otype="Relation" vid_source="BCA3B552-C9B0-2155-FF76-E5CBE777130F" vid_target="71433395-D205-3600-3BF3-6248AA1378BE">
<hideElementsInCurrentOnly>false</hideElementsInCurrentOnly>
<lineWidth>1</lineWidth>
<points>
<point x="253" y="384"/>
<point x="250" y="285"/>
</points>
</Connector>
<Connector class="oracle.dbtools.crest.swingui.logical.TVRelation" oid="839F9806-CD96-71EE-1944-A73C391CCA6C" otype="Relation" vid_source="DB6DB503-7DB5-7725-CE4B-797DBFE32DF9" vid_target="71433395-D205-3600-3BF3-6248AA1378BE">
<hideElementsInCurrentOnly>false</hideElementsInCurrentOnly>
<lineWidth>1</lineWidth>
<points>
<point x="505" y="110"/>
<point x="448" y="110"/>
</points>
</Connector>
<Connector class="oracle.dbtools.crest.swingui.logical.TVRelation" oid="8A008786-4D09-EC41-0FE7-7D804A889204" otype="Relation" vid_source="BCA3B552-C9B0-2155-FF76-E5CBE777130F" vid_target="1457F2F9-9BB6-EF7C-893E-43F2094A0AC8">
<hideElementsInCurrentOnly>false</hideElementsInCurrentOnly>
<lineWidth>1</lineWidth>
<points>
<point x="333" y="502"/>
<point x="333" y="535"/>
</points>
</Connector>
<Connector class="oracle.dbtools.crest.swingui.logical.TVRelation" oid="A3B450CB-F3F1-57E7-184D-7023D65B5C1E" otype="Relation" vid_source="71433395-D205-3600-3BF3-6248AA1378BE" vid_target="BCA3B552-C9B0-2155-FF76-E5CBE777130F">
<hideElementsInCurrentOnly>false</hideElementsInCurrentOnly>
<lineWidth>1</lineWidth>
<points>
<point x="322" y="285"/>
<point x="322" y="384"/>
</points>
</Connector>
<Connector class="oracle.dbtools.crest.swingui.logical.TVRelation" oid="A51BE359-3C5F-5149-CFE3-8C281E03771A" otype="Relation" vid_source="BCA3B552-C9B0-2155-FF76-E5CBE777130F" vid_target="C6511ABE-B19B-0AC0-7687-AFC3B7D8D057">
<hideElementsInCurrentOnly>false</hideElementsInCurrentOnly>
<lineWidth>1</lineWidth>
<points>
<point x="322" y="502"/>
<point x="491" y="599"/>
</points>
</Connector>
<Connector class="oracle.dbtools.crest.swingui.logical.TVInheritanceRelation" oid="A7447D65-F160-DB51-155D-A50FE64A6C1F" otype="Hierarchy relation" vid_source="71433395-D205-3600-3BF3-6248AA1378BE" vid_target="3B867DBD-BEFB-FAC9-71A3-62D25C8DCE26">
<hideElementsInCurrentOnly>false</hideElementsInCurrentOnly>
<lineWidth>1</lineWidth>
<points>
<point x="218" y="269"/>
<point x="117" y="270"/>
</points>
</Connector>
<Connector class="oracle.dbtools.crest.swingui.logical.TVRelation" oid="AB6A14E8-94CD-C9A6-67DB-C01F6F186884" otype="Relation" vid_source="0A7645A3-EB4B-D362-A828-159896C82103" vid_target="BCA3B552-C9B0-2155-FF76-E5CBE777130F">
<hideElementsInCurrentOnly>false</hideElementsInCurrentOnly>
<lineWidth>1</lineWidth>
<points>
<point x="489" y="466"/>
<point x="411" y="466"/>
</points>
</Connector>
<Connector class="oracle.dbtools.crest.swingui.logical.TVRelation" oid="B9C3DC0D-0832-B583-C558-DC77E575633E" otype="Relation" vid_source="BCA3B552-C9B0-2155-FF76-E5CBE777130F" vid_target="71433395-D205-3600-3BF3-6248AA1378BE">
<hideElementsInCurrentOnly>false</hideElementsInCurrentOnly>
<lineWidth>1</lineWidth>
<points>
<point x="396" y="384"/>
<point x="405" y="285"/>
</points>
</Connector>
<Connector class="oracle.dbtools.crest.swingui.logical.TVInheritanceRelation" oid="D4D6ACEE-B76C-93E9-41BA-4A3C05CEFF86" otype="Hierarchy relation" vid_source="71433395-D205-3600-3BF3-6248AA1378BE" vid_target="9A29F9CD-7F5E-56B3-6D40-947188BF9791">
<hideElementsInCurrentOnly>false</hideElementsInCurrentOnly>
<lineWidth>1</lineWidth>
<points>
<point x="218" y="133"/>
<point x="114" y="133"/>
</points>
</Connector>
<Connector class="oracle.dbtools.crest.swingui.logical.TVInheritanceRelation" oid="E737FB8E-EB75-A26B-23BA-39EA84D9D88C" otype="Hierarchy relation" vid_source="71433395-D205-3600-3BF3-6248AA1378BE" vid_target="973F53DC-923D-C534-E9F2-317604BCC633">
<hideElementsInCurrentOnly>false</hideElementsInCurrentOnly>
<lineWidth>1</lineWidth>
<points>
<point x="218" y="217"/>
<point x="116" y="217"/>
</points>
</Connector>
<Connector class="oracle.dbtools.crest.swingui.logical.TVRelation" oid="F143703D-EEB1-A090-17D3-718A4F76FB6C" otype="Relation" vid_source="4ED631BF-09A0-0876-E590-943099C369D3" vid_target="BCA3B552-C9B0-2155-FF76-E5CBE777130F">
<hideElementsInCurrentOnly>false</hideElementsInCurrentOnly>
<lineWidth>1</lineWidth>
<points>
<point x="490" y="400"/>
<point x="411" y="400"/>
</points>
</Connector>
<Connector class="oracle.dbtools.crest.swingui.logical.TVInheritanceRelation" oid="FDFA12A7-F0C3-C29B-3A2A-CF858B990917" otype="Hierarchy relation" vid_source="71433395-D205-3600-3BF3-6248AA1378BE" vid_target="F76C141D-18BA-0E18-7C65-2269EFDA348D">
<hideElementsInCurrentOnly>false</hideElementsInCurrentOnly>
<lineWidth>1</lineWidth>
<points>
<point x="218" y="65"/>
<point x="109" y="65"/>
</points>
</Connector>
</connectors>
</Diagram>