<?xml version = '1.0' encoding = 'UTF-8'?>
<InheritanceRelation class="oracle.dbtools.crest.model.design.logical.InheritanceRelation" name="Hierarchy_1" directorySegmentName="seg_0" id="FDFA12A7-F0C3-C29B-3A2A-CF858B990917">
<createdBy>Jobin</createdBy>
<createdTime>2015-11-02 22:07:15 UTC</createdTime>
<ownerDesignName>New RFE Conceptual</ownerDesignName>
<engineerTo>
<item key="493DE592-6597-4766-8CA7-B3FDAE387604" value="true"/>
</engineerTo>
<identifying>false</identifying>
<nameOnSource>Super Type</nameOnSource>
<nameOnTarget>Sub Type</nameOnTarget>
<optionalSource>true</optionalSource>
<optionalTarget>true</optionalTarget>
<sourceEntity>9F6BF17F-FE4A-6C09-E842-8B60E62244BC</sourceEntity>
<targetEntity>0B60062F-8BC3-D12B-6CBD-9B0C8485F70D</targetEntity>
<transferable>true</transferable>
<deleteRule>NO ACTION</deleteRule>
</InheritanceRelation>