<?xml version = '1.0' encoding = 'UTF-8'?>
<Entity class="oracle.dbtools.crest.model.design.logical.Entity" directorySegmentName="seg_0" id="6F0723E4-8DFF-C56E-7DA1-6A35B557C7A3" name="F15F2_RFE_Tasks">
<createdBy>Jobin</createdBy>
<createdTime>2015-11-18 02:17:32 UTC</createdTime>
<ownerDesignName>New RFE Relational</ownerDesignName>
<engineerTo>
<item key="493DE592-6597-4766-8CA7-B3FDAE387604" value="true"/>
</engineerTo>
<adequatelyNormalized>NO</adequatelyNormalized>
<expectedVolumes>0</expectedVolumes>
<fwdEngineeringStrategyName>Single Table</fwdEngineeringStrategyName>
<growthPercent>0</growthPercent>
<growthType>Year</growthType>
<maxVolumes>9999999</maxVolumes>
<minVolumes>0</minVolumes>
<normalForm>Third</normalForm>
<attributes itemClass="oracle.dbtools.crest.model.design.logical.Attribute">
<Attribute name="rfe_tasks_id" id="C5CBC849-F48B-E3C3-85C1-12428CB13B5C">
<createdBy>Jobin</createdBy>
<createdTime>2015-11-18 21:13:30 UTC</createdTime>
<ownerDesignName>RFE_Logical</ownerDesignName>
<engineerTo>
<item key="493DE592-6597-4766-8CA7-B3FDAE387604" value="true"/>
</engineerTo>
<useDomainConstraints>false</useDomainConstraints>
<use>1</use>
<logicalDatatype>LOGDT011</logicalDatatype>
<ownDataTypeParameters>,,</ownDataTypeParameters>
</Attribute>
<Attribute name="rfe_id" id="A6241C74-141C-44B4-6354-F88AFFC1FD73">
<createdBy>Jobin</createdBy>
<createdTime>2015-11-18 02:19:46 UTC</createdTime>
<generatorID>8C552897-F197-C876-9C01-BE34026BEE6E</generatorID>
<ownerDesignName>New RFE Relational</ownerDesignName>
<engineerTo>
<item key="493DE592-6597-4766-8CA7-B3FDAE387604" value="true"/>
</engineerTo>
<referedAttribute>1F24CCD6-C348-13A1-46FC-D072AA810D93</referedAttribute>
<useDomainConstraints>false</useDomainConstraints>
<use>1</use>
<logicalDatatype>LOGDT011</logicalDatatype>
<ownDataTypeParameters>,,</ownDataTypeParameters>
</Attribute>
<Attribute name="task_id" id="C7654D8E-44AB-CAF6-C7FA-BE0BD71EC50D">
<createdBy>Jobin</createdBy>
<createdTime>2015-11-18 02:19:50 UTC</createdTime>
<generatorID>36B7F924-ED12-9F5E-857E-5FAB3F3F360C</generatorID>
<ownerDesignName>New RFE Relational</ownerDesignName>
<engineerTo>
<item key="493DE592-6597-4766-8CA7-B3FDAE387604" value="true"/>
</engineerTo>
<referedAttribute>32D30C5F-5761-C590-BB9F-B544EFFBB51B</referedAttribute>
<useDomainConstraints>false</useDomainConstraints>
<use>1</use>
<logicalDatatype>LOGDT011</logicalDatatype>
<ownDataTypeParameters>,,</ownDataTypeParameters>
</Attribute>
</attributes>
<identifiers itemClass="oracle.dbtools.crest.model.design.logical.CandidateKey">
<identifier id="A12E3B43-FE84-8E0E-E7EB-F32C59FFFFCF" name="F15F2_RFE_Tasks PK">
<createdBy>Jobin</createdBy>
<createdTime>2015-11-18 21:14:14 UTC</createdTime>
<ownerDesignName>RFE_Logical</ownerDesignName>
<shouldEngineer>false</shouldEngineer>
<engineerTo>
<item key="493DE592-6597-4766-8CA7-B3FDAE387604" value="false"/>
</engineerTo>
<pk>true</pk>
<usedAttributes>
<attributeRef>C5CBC849-F48B-E3C3-85C1-12428CB13B5C</attributeRef>
</usedAttributes>
</identifier>
</identifiers>
</Entity>