<?xml version = '1.0' encoding = 'UTF-8'?>
<Entity class="oracle.dbtools.crest.model.design.logical.Entity" directorySegmentName="seg_0" id="AF3AB0E3-040A-CAEE-BFFD-11B3E9686C82" name="F15F2_Status">
<createdBy>Jobin</createdBy>
<createdTime>2015-11-02 22:29:11 UTC</createdTime>
<ownerDesignName>New RFE Relational</ownerDesignName>
<engineerTo>
<item key="493DE592-6597-4766-8CA7-B3FDAE387604" value="true"/>
</engineerTo>
<adequatelyNormalized>NO</adequatelyNormalized>
<expectedVolumes>0</expectedVolumes>
<fwdEngineeringStrategyName>Single Table</fwdEngineeringStrategyName>
<growthPercent>0</growthPercent>
<growthType>Year</growthType>
<maxVolumes>9999999</maxVolumes>
<minVolumes>0</minVolumes>
<normalForm>Third</normalForm>
<attributes itemClass="oracle.dbtools.crest.model.design.logical.Attribute">
<Attribute name="status_id" id="72AF99C3-AA42-FF78-CC20-C13F009AE915">
<createdBy>Jobin</createdBy>
<createdTime>2015-11-02 22:29:20 UTC</createdTime>
<ownerDesignName>New RFE Relational</ownerDesignName>
<engineerTo>
<item key="493DE592-6597-4766-8CA7-B3FDAE387604" value="true"/>
</engineerTo>
<useDomainConstraints>false</useDomainConstraints>
<use>1</use>
<logicalDatatype>LOGDT011</logicalDatatype>
<ownDataTypeParameters>,,</ownDataTypeParameters>
</Attribute>
<Attribute name="rfe_status" id="118053D3-683B-2F38-E673-0ECDD75D0179">
<createdBy>Jobin</createdBy>
<createdTime>2015-11-19 01:46:39 UTC</createdTime>
<ownerDesignName>RFE_Logical</ownerDesignName>
<engineerTo>
<item key="493DE592-6597-4766-8CA7-B3FDAE387604" value="true"/>
</engineerTo>
<useDomainConstraints>false</useDomainConstraints>
<use>1</use>
<logicalDatatype>LOGDT024</logicalDatatype>
<dataTypeSize>30</dataTypeSize>
<ownDataTypeParameters>30,,</ownDataTypeParameters>
</Attribute>
<Attribute name="description" id="0812E057-C0E5-298C-3D13-F161F44FC36B">
<createdBy>Jobin</createdBy>
<createdTime>2015-11-19 01:46:53 UTC</createdTime>
<ownerDesignName>RFE_Logical</ownerDesignName>
<engineerTo>
<item key="493DE592-6597-4766-8CA7-B3FDAE387604" value="true"/>
</engineerTo>
<useDomainConstraints>false</useDomainConstraints>
<use>1</use>
<logicalDatatype>LOGDT024</logicalDatatype>
<dataTypeSize>500</dataTypeSize>
<ownDataTypeParameters>500,,</ownDataTypeParameters>
</Attribute>
</attributes>
<identifiers itemClass="oracle.dbtools.crest.model.design.logical.CandidateKey">
<identifier id="7EB29DF6-0251-9E1D-2553-9ADCCAD5281D" name="F15F2_Status PK">
<createdBy>Jobin</createdBy>
<createdTime>2015-11-02 22:29:27 UTC</createdTime>
<ownerDesignName>New RFE Relational</ownerDesignName>
<shouldEngineer>false</shouldEngineer>
<engineerTo>
<item key="493DE592-6597-4766-8CA7-B3FDAE387604" value="false"/>
</engineerTo>
<pk>true</pk>
<usedAttributes>
<attributeRef>72AF99C3-AA42-FF78-CC20-C13F009AE915</attributeRef>
</usedAttributes>
</identifier>
</identifiers>
</Entity>