<?xml version = '1.0' encoding = 'UTF-8'?>
<InheritanceRelation class="oracle.dbtools.crest.model.design.logical.InheritanceRelation" name="Hierarchy_2" directorySegmentName="seg_0" id="D4D6ACEE-B76C-93E9-41BA-4A3C05CEFF86">
<createdBy>Jobin</createdBy>
<createdTime>2015-11-02 22:08:34 UTC</createdTime>
<ownerDesignName>New RFE Conceptual</ownerDesignName>
<engineerTo>
<item key="493DE592-6597-4766-8CA7-B3FDAE387604" value="true"/>
</engineerTo>
<identifying>false</identifying>
<nameOnSource>Super Type</nameOnSource>
<nameOnTarget>Sub Type</nameOnTarget>
<optionalSource>true</optionalSource>
<optionalTarget>true</optionalTarget>
<sourceEntity>9F6BF17F-FE4A-6C09-E842-8B60E62244BC</sourceEntity>
<targetEntity>0B6C732D-10FF-7B19-8E63-7B6FB4BC06E5</targetEntity>
<transferable>true</transferable>
<deleteRule>NO ACTION</deleteRule>
</InheritanceRelation>