<?xml version = '1.0' encoding = 'UTF-8'?>
<Entity class="oracle.dbtools.crest.model.design.logical.Entity" directorySegmentName="seg_0" id="0318FB66-F026-7321-386E-221760B7EDB5" name="F15F2_Lab">
<createdBy>Jobin</createdBy>
<createdTime>2015-11-02 22:19:35 UTC</createdTime>
<ownerDesignName>New RFE Relational</ownerDesignName>
<engineerTo>
<item key="493DE592-6597-4766-8CA7-B3FDAE387604" value="true"/>
</engineerTo>
<adequatelyNormalized>NO</adequatelyNormalized>
<expectedVolumes>0</expectedVolumes>
<fwdEngineeringStrategyName>Single Table</fwdEngineeringStrategyName>
<growthPercent>0</growthPercent>
<growthType>Year</growthType>
<maxVolumes>9999999</maxVolumes>
<minVolumes>0</minVolumes>
<normalForm>Third</normalForm>
<attributes itemClass="oracle.dbtools.crest.model.design.logical.Attribute">
<Attribute name="lab_id" id="AD13C123-97C6-F6CB-D81A-308DE5DC5B67">
<createdBy>Jobin</createdBy>
<createdTime>2015-11-02 22:19:45 UTC</createdTime>
<ownerDesignName>New RFE Relational</ownerDesignName>
<engineerTo>
<item key="493DE592-6597-4766-8CA7-B3FDAE387604" value="true"/>
</engineerTo>
<useDomainConstraints>false</useDomainConstraints>
<use>1</use>
<logicalDatatype>LOGDT011</logicalDatatype>
<ownDataTypeParameters>,,</ownDataTypeParameters>
</Attribute>
<Attribute name="lab_code" id="C8AE0230-48B8-6ED5-EBB1-B365C6DA5BFB">
<createdBy>Jobin</createdBy>
<createdTime>2015-11-19 02:02:58 UTC</createdTime>
<ownerDesignName>New RFE Relational</ownerDesignName>
<engineerTo>
<item key="493DE592-6597-4766-8CA7-B3FDAE387604" value="true"/>
</engineerTo>
<nullsAllowed>true</nullsAllowed>
<useDomainConstraints>false</useDomainConstraints>
<use>1</use>
<logicalDatatype>LOGDT024</logicalDatatype>
<dataTypeSize>4</dataTypeSize>
<ownDataTypeParameters>4,,</ownDataTypeParameters>
</Attribute>
</attributes>
<identifiers itemClass="oracle.dbtools.crest.model.design.logical.CandidateKey">
<identifier id="10A8BAA8-6182-BE93-9BED-2BCD66DBF516" name="F15F2_Lab PK">
<createdBy>Jobin</createdBy>
<createdTime>2015-11-02 22:19:54 UTC</createdTime>
<ownerDesignName>New RFE Relational</ownerDesignName>
<shouldEngineer>false</shouldEngineer>
<engineerTo>
<item key="493DE592-6597-4766-8CA7-B3FDAE387604" value="false"/>
</engineerTo>
<pk>true</pk>
<usedAttributes>
<attributeRef>AD13C123-97C6-F6CB-D81A-308DE5DC5B67</attributeRef>
</usedAttributes>
</identifier>
</identifiers>
</Entity>