<?xml version = '1.0' encoding = 'UTF-8'?>
<Entity class="oracle.dbtools.crest.model.design.logical.Entity" directorySegmentName="seg_0" id="BA1F532E-C8B8-3D81-D90F-B83CFA3733ED" name="F15F2_Requestor">
<createdBy>Jobin</createdBy>
<createdTime>2015-11-18 02:15:54 UTC</createdTime>
<ownerDesignName>New RFE Relational</ownerDesignName>
<engineerTo>
<item key="493DE592-6597-4766-8CA7-B3FDAE387604" value="true"/>
</engineerTo>
<adequatelyNormalized>NO</adequatelyNormalized>
<expectedVolumes>0</expectedVolumes>
<fwdEngineeringStrategyName>Single Table</fwdEngineeringStrategyName>
<growthPercent>0</growthPercent>
<growthType>Year</growthType>
<maxVolumes>9999999</maxVolumes>
<minVolumes>0</minVolumes>
<normalForm>Third</normalForm>
<attributes itemClass="oracle.dbtools.crest.model.design.logical.Attribute">
<Attribute name="requestor_id" id="678DFCBD-D9A2-793B-EBCF-52C4A863861A">
<createdBy>Jobin</createdBy>
<createdTime>2015-11-18 21:13:11 UTC</createdTime>
<ownerDesignName>New RFE Relational</ownerDesignName>
<engineerTo>
<item key="493DE592-6597-4766-8CA7-B3FDAE387604" value="true"/>
</engineerTo>
<useDomainConstraints>false</useDomainConstraints>
<use>1</use>
<logicalDatatype>LOGDT011</logicalDatatype>
<ownDataTypeParameters>,,</ownDataTypeParameters>
</Attribute>
<Attribute name="emp_id" id="F76ED4DC-D557-E150-F00A-32C0AEB09D69">
<createdBy>Jobin</createdBy>
<createdTime>2015-11-18 02:16:31 UTC</createdTime>
<generatorID>ED7672E0-BD2A-A656-2378-8B654FCF4CDA</generatorID>
<ownerDesignName>New RFE Relational</ownerDesignName>
<engineerTo>
<item key="493DE592-6597-4766-8CA7-B3FDAE387604" value="true"/>
</engineerTo>
<referedAttribute>14FFE3A2-9AD9-8C26-D70E-CCFA88303D28</referedAttribute>
<useDomainConstraints>false</useDomainConstraints>
<use>1</use>
<logicalDatatype>LOGDT011</logicalDatatype>
<ownDataTypeParameters>,,</ownDataTypeParameters>
</Attribute>
<Attribute name="rfe_id" id="3D58DA06-90D6-036D-E1E2-C3BD97D50803">
<createdBy>Jobin</createdBy>
<createdTime>2015-11-18 02:16:49 UTC</createdTime>
<generatorID>55DF6EB3-4185-1426-0E66-1BEB11D8A4B2</generatorID>
<ownerDesignName>New RFE Relational</ownerDesignName>
<engineerTo>
<item key="493DE592-6597-4766-8CA7-B3FDAE387604" value="true"/>
</engineerTo>
<referedAttribute>1F24CCD6-C348-13A1-46FC-D072AA810D93</referedAttribute>
<useDomainConstraints>false</useDomainConstraints>
<use>1</use>
<logicalDatatype>LOGDT011</logicalDatatype>
<ownDataTypeParameters>,,</ownDataTypeParameters>
</Attribute>
</attributes>
<identifiers itemClass="oracle.dbtools.crest.model.design.logical.CandidateKey">
<identifier id="8CD0DFE7-4C91-525E-3D63-107ABA2C3638" name="F15F2_Requestor PK">
<createdBy>Jobin</createdBy>
<createdTime>2015-11-18 21:13:20 UTC</createdTime>
<ownerDesignName>New RFE Relational</ownerDesignName>
<engineerTo>
<item key="493DE592-6597-4766-8CA7-B3FDAE387604" value="true"/>
</engineerTo>
<pk>true</pk>
<usedAttributes>
<attributeRef>678DFCBD-D9A2-793B-EBCF-52C4A863861A</attributeRef>
</usedAttributes>
</identifier>
</identifiers>
</Entity>