<?xml version = '1.0' encoding = 'UTF-8'?>
<Relation class="oracle.dbtools.crest.model.design.logical.Relation" name="Relation_12" directorySegmentName="seg_0" id="8A008786-4D09-EC41-0FE7-7D804A889204">
<createdBy>Jobin</createdBy>
<createdTime>2015-11-02 22:36:29 UTC</createdTime>
<ownerDesignName>New RFE Relational</ownerDesignName>
<engineerTo>
<item key="493DE592-6597-4766-8CA7-B3FDAE387604" value="true"/>
</engineerTo>
<sourcePk>FC1B5DAA-0F12-33C9-F231-E8A90C93F426</sourcePk>
<identifying>false</identifying>
<optionalSource>true</optionalSource>
<optionalTarget>true</optionalTarget>
<sourceCardinality>1</sourceCardinality>
<sourceEntity>389AE38D-4499-CADD-8F72-7353991CF204</sourceEntity>
<targetCardinalityString>*</targetCardinalityString>
<targetEntity>9D32718A-37C2-E279-82D2-F20FC97A7D60</targetEntity>
<transferable>true</transferable>
<deleteRule>NO ACTION</deleteRule>
</Relation>