<?xml version = '1.0' encoding = 'UTF-8'?>
<Relation class="oracle.dbtools.crest.model.design.logical.Relation" name="Relation_5" directorySegmentName="seg_0" id="A3B450CB-F3F1-57E7-184D-7023D65B5C1E">
<createdBy>Jobin</createdBy>
<createdTime>2015-11-02 22:24:04 UTC</createdTime>
<ownerDesignName>New RFE Relational</ownerDesignName>
<engineerTo>
<item key="493DE592-6597-4766-8CA7-B3FDAE387604" value="true"/>
</engineerTo>
<sourcePk>7DCE70E9-544E-04AF-E417-6C0C599C2B42</sourcePk>
<identifying>false</identifying>
<optionalSource>true</optionalSource>
<optionalTarget>true</optionalTarget>
<sourceCardinality>1</sourceCardinality>
<sourceEntity>9F6BF17F-FE4A-6C09-E842-8B60E62244BC</sourceEntity>
<targetCardinalityString>*</targetCardinalityString>
<targetEntity>389AE38D-4499-CADD-8F72-7353991CF204</targetEntity>
<transferable>true</transferable>
<deleteRule>NO ACTION</deleteRule>
</Relation>