<?xml version = '1.0' encoding = 'UTF-8'?>
<Relation class="oracle.dbtools.crest.model.design.logical.Relation" name="Relation_17" directorySegmentName="seg_0" id="BD7D0087-B23D-FE5A-0B86-11531E00A15A">
<createdBy>Jobin</createdBy>
<createdTime>2015-11-18 02:15:10 UTC</createdTime>
<ownerDesignName>New RFE Relational</ownerDesignName>
<engineerTo>
<item key="493DE592-6597-4766-8CA7-B3FDAE387604" value="true"/>
</engineerTo>
<sourcePk>7DCE70E9-544E-04AF-E417-6C0C599C2B42</sourcePk>
<identifying>false</identifying>
<optionalSource>true</optionalSource>
<optionalTarget>false</optionalTarget>
<sourceCardinality>1</sourceCardinality>
<sourceEntity>9F6BF17F-FE4A-6C09-E842-8B60E62244BC</sourceEntity>
<targetCardinalityString>*</targetCardinalityString>
<targetEntity>CAB5EF3A-68ED-63EF-4316-05BBDA4CBF66</targetEntity>
<transferable>true</transferable>
<deleteRule>NO ACTION</deleteRule>
</Relation>