<?xml version = '1.0' encoding = 'UTF-8'?>
<Diagram class="oracle.dbtools.crest.swingui.relational.DPVRelational" name="Relational_1" id="5EBB5992-0B82-8D96-5863-142A8522E0C8">
<createdBy>Jobin</createdBy>
<modifiedBy>Jobin</modifiedBy>
<createdTime>2015-11-02 22:49:02 UTC</createdTime>
<autoRoute>false</autoRoute>
<boxInbox>true</boxInbox>
<showLegend>false</showLegend>
<showLabels>false</showLabels>
<showRelAttributes>false</showRelAttributes>
<gridEnabled>false</gridEnabled>
<showGrid>false</showGrid>
<diagramColor>-1</diagramColor>
<display>false</display>
<notation>1</notation>
<objectViews>
<OView class="oracle.dbtools.crest.swingui.relational.TVTable" oid="06063C0F-A8B3-8B4B-D8D8-60164C1E8835" otype="Table" vid="25720863-24DF-6B1F-52F7-681A1606C54B">
<hideElementsInCurrentOnly>false</hideElementsInCurrentOnly>
<bounds x="123" y="323" width="126" height="89"/>
</OView>
<OView class="oracle.dbtools.crest.swingui.relational.TVTable" oid="079D8A3D-CD77-F0C8-763A-2137663270C8" otype="Table" vid="5DF19DCE-B504-3E7A-C3D9-ECDEB97DA289">
<hideElementsInCurrentOnly>false</hideElementsInCurrentOnly>
<bounds x="535" y="194" width="156" height="88"/>
</OView>
<OView class="oracle.dbtools.crest.swingui.relational.TVTable" oid="4DE49626-F5AF-B955-3BEB-2719208FCE2C" otype="Table" vid="A754F51A-CF81-3078-348F-973177223BB6">
<hideElementsInCurrentOnly>false</hideElementsInCurrentOnly>
<bounds x="257" y="452" width="170" height="110"/>
</OView>
<OView class="oracle.dbtools.crest.swingui.relational.TVTable" oid="5E5C826D-5C58-276B-76D6-E2707389C9ED" otype="Table" vid="6917593D-9E70-9376-1805-708FFB87D550">
<hideElementsInCurrentOnly>false</hideElementsInCurrentOnly>
<bounds x="486" y="388" width="135" height="82"/>
</OView>
<OView class="oracle.dbtools.crest.swingui.relational.TVTable" oid="60721F25-A546-602C-EADC-0BE94A151794" otype="Table" vid="F0DA8A0C-EC04-163F-5AEB-F4DA096ABAFA">
<hideElementsInCurrentOnly>false</hideElementsInCurrentOnly>
<bounds x="13" y="515" width="213" height="185"/>
</OView>
<OView class="oracle.dbtools.crest.swingui.relational.TVTable" oid="6D9F4440-C20D-50DB-9249-71E971A92F76" otype="Table" vid="F4FD3145-70A0-F1F3-E2F3-194DAAE48E03">
<hideElementsInCurrentOnly>false</hideElementsInCurrentOnly>
<bounds x="4" y="181" width="151" height="99"/>
</OView>
<OView class="oracle.dbtools.crest.swingui.relational.TVTable" oid="893FC0EB-2B9B-D346-6C97-D9B80B6E23ED" otype="Table" vid="37750E9E-6F6E-6BF1-0209-562EDC346A33">
<hideElementsInCurrentOnly>false</hideElementsInCurrentOnly>
<bounds x="528" y="68" width="169" height="94"/>
</OView>
<OView class="oracle.dbtools.crest.swingui.relational.TVTable" oid="8DE02B8A-A42B-19A9-D2E3-7ED3A1F73530" otype="Table" vid="554834F3-5AC0-674F-6BC6-1CEF2E8CD1D9">
<hideElementsInCurrentOnly>false</hideElementsInCurrentOnly>
<bounds x="288" y="604" width="169" height="97"/>
</OView>
<OView class="oracle.dbtools.crest.swingui.relational.TVTable" oid="AC98339A-783B-986C-54DC-44A4B62D15D4" otype="Table" vid="8E424441-1B5B-BD5B-C87B-B7132FC46778">
<hideElementsInCurrentOnly>false</hideElementsInCurrentOnly>
<bounds x="493" y="498" width="161" height="116"/>
</OView>
<OView class="oracle.dbtools.crest.swingui.relational.TVTable" oid="B1ABFDFE-1CE7-2173-143D-78F1DFD0C984" otype="Table" vid="EC88EE6B-14B2-6CB7-D886-EEED58BF9828">
<hideElementsInCurrentOnly>false</hideElementsInCurrentOnly>
<bounds x="260" y="327" width="132" height="82"/>
</OView>
<OView class="oracle.dbtools.crest.swingui.relational.TVTable" oid="B2B80E74-F737-FEA3-74CD-D95258B62934" otype="Table" vid="949DA2B5-75D4-453B-BADB-FC1893ECF2DD">
<hideElementsInCurrentOnly>false</hideElementsInCurrentOnly>
<bounds x="686" y="373" width="180" height="117"/>
</OView>
<OView class="oracle.dbtools.crest.swingui.relational.TVTable" oid="E33173DE-7919-7F86-3108-89E29A537468" otype="Table" vid="289E8DC2-8A4A-4E63-C6E4-BC84888D6B45">
<hideElementsInCurrentOnly>false</hideElementsInCurrentOnly>
<bounds x="218" y="35" width="230" height="250"/>
</OView>
</objectViews>
<connectors>
<Connector class="oracle.dbtools.crest.swingui.relational.TVFKRelation" oid="07D7B26D-5EAE-BA48-5038-11C19C0D993E" otype="FKIndexAssociation" vid_source="A754F51A-CF81-3078-348F-973177223BB6" vid_target="EC88EE6B-14B2-6CB7-D886-EEED58BF9828">
<hideElementsInCurrentOnly>false</hideElementsInCurrentOnly>
<lineWidth>1</lineWidth>
<points>
<point x="326" y="452"/>
<point x="326" y="409"/>
</points>
</Connector>
<Connector class="oracle.dbtools.crest.swingui.relational.TVFKRelation" oid="0922EE57-0CAC-6A13-E6DC-54BCB2A85AC7" otype="FKIndexAssociation" vid_source="8E424441-1B5B-BD5B-C87B-B7132FC46778" vid_target="A754F51A-CF81-3078-348F-973177223BB6">
<hideElementsInCurrentOnly>false</hideElementsInCurrentOnly>
<lineWidth>1</lineWidth>
<points>
<point x="493" y="530"/>
<point x="427" y="530"/>
</points>
</Connector>
<Connector class="oracle.dbtools.crest.swingui.relational.TVFKRelation" oid="179DAB1F-C798-9142-4714-8C0D88DADA41" otype="FKIndexAssociation" vid_source="A754F51A-CF81-3078-348F-973177223BB6" vid_target="6917593D-9E70-9376-1805-708FFB87D550">
<hideElementsInCurrentOnly>false</hideElementsInCurrentOnly>
<lineWidth>1</lineWidth>
<points>
<point x="427" y="461"/>
<point x="486" y="461"/>
</points>
</Connector>
<Connector class="oracle.dbtools.crest.swingui.relational.TVFKRelation" oid="1B8677E9-A9DD-4F0C-5F70-A2E6565B19EE" otype="FKIndexAssociation" vid_source="A754F51A-CF81-3078-348F-973177223BB6" vid_target="25720863-24DF-6B1F-52F7-681A1606C54B">
<hideElementsInCurrentOnly>false</hideElementsInCurrentOnly>
<lineWidth>1</lineWidth>
<points>
<point x="295" y="452"/>
<point x="186" y="412"/>
</points>
</Connector>
<Connector class="oracle.dbtools.crest.swingui.relational.TVFKRelation" oid="554173EF-EE8F-95A9-A49E-17611790C7F7" otype="FKIndexAssociation" vid_source="949DA2B5-75D4-453B-BADB-FC1893ECF2DD" vid_target="6917593D-9E70-9376-1805-708FFB87D550">
<hideElementsInCurrentOnly>false</hideElementsInCurrentOnly>
<lineWidth>1</lineWidth>
<points>
<point x="686" y="429"/>
<point x="621" y="429"/>
</points>
</Connector>
<Connector class="oracle.dbtools.crest.swingui.relational.TVFKRelation" oid="5DF434F3-07E4-6CB5-9913-79DD58D422A2" otype="FKIndexAssociation" vid_source="289E8DC2-8A4A-4E63-C6E4-BC84888D6B45" vid_target="F4FD3145-70A0-F1F3-E2F3-194DAAE48E03">
<hideElementsInCurrentOnly>false</hideElementsInCurrentOnly>
<lineWidth>1</lineWidth>
<points>
<point x="218" y="201"/>
<point x="162" y="201"/>
<point x="155" y="201"/>
</points>
</Connector>
<Connector class="oracle.dbtools.crest.swingui.relational.TVFKRelation" oid="8B4BBF5D-A3C0-439B-27A3-953B8A3DCEA8" otype="FKIndexAssociation" vid_source="37750E9E-6F6E-6BF1-0209-562EDC346A33" vid_target="289E8DC2-8A4A-4E63-C6E4-BC84888D6B45">
<hideElementsInCurrentOnly>false</hideElementsInCurrentOnly>
<lineWidth>1</lineWidth>
<points>
<point x="528" y="115"/>
<point x="448" y="115"/>
</points>
</Connector>
<Connector class="oracle.dbtools.crest.swingui.relational.TVFKRelation" oid="8E3816FA-EF77-EC07-42B1-40B717ADFD37" otype="FKIndexAssociation" vid_source="A754F51A-CF81-3078-348F-973177223BB6" vid_target="F4FD3145-70A0-F1F3-E2F3-194DAAE48E03">
<hideElementsInCurrentOnly>false</hideElementsInCurrentOnly>
<lineWidth>1</lineWidth>
<points>
<point x="257" y="477"/>
<point x="36" y="477"/>
<point x="36" y="280"/>
</points>
</Connector>
<Connector class="oracle.dbtools.crest.swingui.relational.TVFKRelation" oid="99A93007-F2F6-6EB5-CACA-E32B0C67FCAC" otype="FKIndexAssociation" vid_source="289E8DC2-8A4A-4E63-C6E4-BC84888D6B45" vid_target="5DF19DCE-B504-3E7A-C3D9-ECDEB97DA289">
<hideElementsInCurrentOnly>false</hideElementsInCurrentOnly>
<lineWidth>1</lineWidth>
<points>
<point x="448" y="238"/>
<point x="535" y="238"/>
</points>
</Connector>
<Connector class="oracle.dbtools.crest.swingui.relational.TVFKRelation" oid="CAF753F8-5029-9DDA-B19D-6CD0E7D87583" otype="FKIndexAssociation" vid_source="A754F51A-CF81-3078-348F-973177223BB6" vid_target="F0DA8A0C-EC04-163F-5AEB-F4DA096ABAFA">
<hideElementsInCurrentOnly>false</hideElementsInCurrentOnly>
<lineWidth>1</lineWidth>
<points>
<point x="257" y="538"/>
<point x="226" y="538"/>
</points>
</Connector>
<Connector class="oracle.dbtools.crest.swingui.relational.TVFKRelation" oid="CDE4AD81-B172-D220-0756-5B9C10A2D0A0" otype="FKIndexAssociation" vid_source="A754F51A-CF81-3078-348F-973177223BB6" vid_target="554834F3-5AC0-674F-6BC6-1CEF2E8CD1D9">
<hideElementsInCurrentOnly>false</hideElementsInCurrentOnly>
<lineWidth>1</lineWidth>
<points>
<point x="357" y="562"/>
<point x="357" y="604"/>
</points>
</Connector>
<Connector class="oracle.dbtools.crest.swingui.relational.TVFKRelation" oid="E72A0F91-1062-497B-EC55-F21B7A7D6EBA" otype="FKIndexAssociation" vid_source="289E8DC2-8A4A-4E63-C6E4-BC84888D6B45" vid_target="EC88EE6B-14B2-6CB7-D886-EEED58BF9828">
<hideElementsInCurrentOnly>false</hideElementsInCurrentOnly>
<lineWidth>1</lineWidth>
<points>
<point x="326" y="285"/>
<point x="326" y="327"/>
</points>
</Connector>
<Connector class="oracle.dbtools.crest.swingui.relational.TVFKRelation" oid="E9CDEF4D-CBEE-A30F-440E-2C6444A04C5D" otype="FKIndexAssociation" vid_source="289E8DC2-8A4A-4E63-C6E4-BC84888D6B45" vid_target="25720863-24DF-6B1F-52F7-681A1606C54B">
<hideElementsInCurrentOnly>false</hideElementsInCurrentOnly>
<lineWidth>1</lineWidth>
<points>
<point x="233" y="285"/>
<point x="233" y="323"/>
</points>
</Connector>
<Connector class="oracle.dbtools.crest.swingui.relational.TVFKRelation" oid="FD472DC7-149C-31D7-0237-7AEAF77BFD61" otype="FKIndexAssociation" vid_source="289E8DC2-8A4A-4E63-C6E4-BC84888D6B45" vid_target="A754F51A-CF81-3078-348F-973177223BB6">
<hideElementsInCurrentOnly>false</hideElementsInCurrentOnly>
<lineWidth>1</lineWidth>
<points>
<point x="417" y="285"/>
<point x="407" y="452"/>
</points>
</Connector>
</connectors>
</Diagram>