<?xml version = '1.0' encoding = 'UTF-8'?>
<Table class="oracle.dbtools.crest.model.design.relational.Table" directorySegmentName="seg_0" id="5E5C826D-5C58-276B-76D6-E2707389C9ED" name="F15F2_RFE_Tasks">
<createdBy>Jobin</createdBy>
<createdTime>2015-11-18 02:23:22 UTC</createdTime>
<generatorID>6F0723E4-8DFF-C56E-7DA1-6A35B557C7A3</generatorID>
<ownerDesignName>New RFE Relational</ownerDesignName>
<allowColumnReorder>false</allowColumnReorder>
<existDependencyGenerateInDDl>true</existDependencyGenerateInDDl>
<parsed>true</parsed>
<columns itemClass="oracle.dbtools.crest.model.design.relational.Column">
<Column name="rfe_tasks_id" id="DA651253-B2B7-BEFD-D97E-3326C32C5A0B">
<createdBy>Jobin</createdBy>
<createdTime>2015-11-18 21:15:47 UTC</createdTime>
<generatorID>C5CBC849-F48B-E3C3-85C1-12428CB13B5C</generatorID>
<ownerDesignName>RFE_Logical</ownerDesignName>
<useDomainConstraints>false</useDomainConstraints>
<use>1</use>
<logicalDatatype>LOGDT011</logicalDatatype>
<ownDataTypeParameters>,,</ownDataTypeParameters>
<autoIncrementCycle>false</autoIncrementCycle>
</Column>
<Column name="F15F2_RFE_rfe_id" id="E7FACB7E-912E-2E97-DBB4-C3F7D40C4CAC">
<createdBy>Jobin</createdBy>
<createdTime>2015-11-18 02:23:22 UTC</createdTime>
<generatorID>A6241C74-141C-44B4-6354-F88AFFC1FD73</generatorID>
<ownerDesignName>New RFE Relational</ownerDesignName>
<useDomainConstraints>false</useDomainConstraints>
<use>1</use>
<logicalDatatype>LOGDT011</logicalDatatype>
<ownDataTypeParameters>,,</ownDataTypeParameters>
<previousColumn>false</previousColumn>
<autoIncrementCycle>false</autoIncrementCycle>
<associations>
<colAssociation fkAssociation="179DAB1F-C798-9142-4714-8C0D88DADA41" referredColumn="6D9055CA-73C2-B0C8-5BBD-732CFDE150DE"/>
</associations>
</Column>
<Column name="F15F2_Task_task_id" id="78402B9F-85AC-1029-97FB-D7378CC0E552">
<createdBy>Jobin</createdBy>
<createdTime>2015-11-18 02:23:22 UTC</createdTime>
<generatorID>C7654D8E-44AB-CAF6-C7FA-BE0BD71EC50D</generatorID>
<ownerDesignName>New RFE Relational</ownerDesignName>
<useDomainConstraints>false</useDomainConstraints>
<use>1</use>
<logicalDatatype>LOGDT011</logicalDatatype>
<ownDataTypeParameters>,,</ownDataTypeParameters>
<previousColumn>false</previousColumn>
<autoIncrementCycle>false</autoIncrementCycle>
<associations>
<colAssociation fkAssociation="554173EF-EE8F-95A9-A49E-17611790C7F7" referredColumn="7CBE1D86-335C-B4A3-C5B7-344754802AC3"/>
</associations>
</Column>
</columns>
<indexes itemClass="oracle.dbtools.crest.model.design.relational.Index">
<ind_PK_UK id="F790F919-A34A-FE32-BEB6-1E2041626520" name="F15F2_RFE_Tasks_PK">
<createdBy>Jobin</createdBy>
<createdTime>2015-11-18 21:15:47 UTC</createdTime>
<generatorID>A12E3B43-FE84-8E0E-E7EB-F32C59FFFFCF</generatorID>
<ownerDesignName>RFE_Logical</ownerDesignName>
<pk>true</pk>
<indexState>Primary Constraint</indexState>
<isSurrogateKey>false</isSurrogateKey>
<indexColumnUsage>
<colUsage columnID="DA651253-B2B7-BEFD-D97E-3326C32C5A0B"/>
</indexColumnUsage>
</ind_PK_UK>
<ind_PK_UK id="3EAA04C9-F090-B70E-F1D7-F070C240ACA6" name="F15F2_RFE_Tasks_F15F2_RFE_FK">
<createdBy>Jobin</createdBy>
<createdTime>2015-11-18 02:23:23 UTC</createdTime>
<generatorID>8C552897-F197-C876-9C01-BE34026BEE6E</generatorID>
<ownerDesignName>New RFE Relational</ownerDesignName>
<indexState>Foreign Key</indexState>
<isSurrogateKey>false</isSurrogateKey>
<indexColumnUsage>
<colUsage columnID="E7FACB7E-912E-2E97-DBB4-C3F7D40C4CAC"/>
</indexColumnUsage>
</ind_PK_UK>
<ind_PK_UK id="6369A109-1280-611D-662A-9CBD6E122813" name="F15F2_RFE_Tasks_F15F2_Task_FK">
<createdBy>Jobin</createdBy>
<createdTime>2015-11-18 02:23:23 UTC</createdTime>
<generatorID>36B7F924-ED12-9F5E-857E-5FAB3F3F360C</generatorID>
<ownerDesignName>New RFE Relational</ownerDesignName>
<indexState>Foreign Key</indexState>
<isSurrogateKey>false</isSurrogateKey>
<indexColumnUsage>
<colUsage columnID="78402B9F-85AC-1029-97FB-D7378CC0E552"/>
</indexColumnUsage>
</ind_PK_UK>
</indexes>
</Table>