<?xml version = '1.0' encoding = 'UTF-8'?>
<Table class="oracle.dbtools.crest.model.design.relational.Table" directorySegmentName="seg_0" id="60721F25-A546-602C-EADC-0BE94A151794" name="F15F2_Doc">
<createdBy>Jobin</createdBy>
<createdTime>2015-11-18 02:23:22 UTC</createdTime>
<comment>cannata req.</comment>
<generatorID>9D32718A-37C2-E279-82D2-F20FC97A7D60</generatorID>
<ownerDesignName>New RFE Relational</ownerDesignName>
<allowColumnReorder>false</allowColumnReorder>
<existDependencyGenerateInDDl>true</existDependencyGenerateInDDl>
<parsed>true</parsed>
<columns itemClass="oracle.dbtools.crest.model.design.relational.Column">
<Column name="doc_id" id="8A18B76A-2F99-9156-1A74-D4647A0B8236">
<createdBy>Jobin</createdBy>
<createdTime>2015-11-18 02:23:22 UTC</createdTime>
<generatorID>AC6BA74E-9886-D8E0-721C-DECC15F6F894</generatorID>
<ownerDesignName>New RFE Relational</ownerDesignName>
<useDomainConstraints>false</useDomainConstraints>
<use>1</use>
<logicalDatatype>LOGDT011</logicalDatatype>
<ownDataTypeParameters>,,</ownDataTypeParameters>
<autoIncrementCycle>false</autoIncrementCycle>
</Column>
<Column name="F15F2_RFE_rfe_id" id="484C151E-38CF-8F1B-7271-FC0746583B6C">
<createdBy>Jobin</createdBy>
<createdTime>2015-11-18 02:23:22 UTC</createdTime>
<generatorID>C4203448-0C28-2EE9-53CB-C0DEC64641AB</generatorID>
<ownerDesignName>New RFE Relational</ownerDesignName>
<nullsAllowed>true</nullsAllowed>
<useDomainConstraints>false</useDomainConstraints>
<use>1</use>
<logicalDatatype>LOGDT011</logicalDatatype>
<ownDataTypeParameters>,,</ownDataTypeParameters>
<previousColumn>false</previousColumn>
<autoIncrementCycle>false</autoIncrementCycle>
<associations>
<colAssociation fkAssociation="CAF753F8-5029-9DDA-B19D-6CD0E7D87583" referredColumn="6D9055CA-73C2-B0C8-5BBD-732CFDE150DE"/>
</associations>
</Column>
<Column name="filename" id="83160AE6-9AA6-6823-5E0A-D5F38698724A">
<createdBy>Jobin</createdBy>
<createdTime>2015-11-19 02:12:57 UTC</createdTime>
<generatorID>636F3FF8-7114-C35F-A0F6-B0A6B3FE6387</generatorID>
<ownerDesignName>RFE_Logical</ownerDesignName>
<nullsAllowed>true</nullsAllowed>
<useDomainConstraints>false</useDomainConstraints>
<use>1</use>
<logicalDatatype>LOGDT024</logicalDatatype>
<dataTypeSize>4000</dataTypeSize>
<ownDataTypeParameters>4000,,</ownDataTypeParameters>
<autoIncrementCycle>false</autoIncrementCycle>
</Column>
<Column name="file_mimetype" id="7CED2A57-F8AE-35CA-2688-F29A1356CA93">
<createdBy>Jobin</createdBy>
<createdTime>2015-11-23 15:20:52 UTC</createdTime>
<ownerDesignName>F15F2_Logical</ownerDesignName>
<nullsAllowed>true</nullsAllowed>
<useDomainConstraints>false</useDomainConstraints>
<use>1</use>
<logicalDatatype>LOGDT024</logicalDatatype>
<dataTypeSize>512</dataTypeSize>
<ownDataTypeParameters>512,,</ownDataTypeParameters>
<autoIncrementCycle>false</autoIncrementCycle>
</Column>
<Column name="file_charset" id="F8FAECA2-DB14-E412-4229-BC1D73F2A103">
<createdBy>Jobin</createdBy>
<createdTime>2015-11-23 15:23:12 UTC</createdTime>
<ownerDesignName>F15F2_Logical</ownerDesignName>
<nullsAllowed>true</nullsAllowed>
<useDomainConstraints>false</useDomainConstraints>
<use>1</use>
<logicalDatatype>LOGDT024</logicalDatatype>
<dataTypeSize>512</dataTypeSize>
<ownDataTypeParameters>512,,</ownDataTypeParameters>
<autoIncrementCycle>false</autoIncrementCycle>
</Column>
<Column name="file_blob" id="B0476C30-A052-D2A2-CFB8-AE924B398D6C">
<createdBy>Jobin</createdBy>
<createdTime>2015-11-23 15:23:28 UTC</createdTime>
<ownerDesignName>F15F2_Logical</ownerDesignName>
<nullsAllowed>true</nullsAllowed>
<useDomainConstraints>false</useDomainConstraints>
<use>1</use>
<logicalDatatype>LOGDT029</logicalDatatype>
<ownDataTypeParameters>,,</ownDataTypeParameters>
<autoIncrementCycle>false</autoIncrementCycle>
</Column>
<Column name="file_comments" id="E1C0D47A-5671-2079-917A-300F1754CFD3">
<createdBy>Jobin</createdBy>
<createdTime>2015-11-23 15:23:28 UTC</createdTime>
<ownerDesignName>F15F2_Logical</ownerDesignName>
<nullsAllowed>true</nullsAllowed>
<useDomainConstraints>false</useDomainConstraints>
<use>1</use>
<logicalDatatype>LOGDT024</logicalDatatype>
<dataTypeSize>4000</dataTypeSize>
<ownDataTypeParameters>4000,,</ownDataTypeParameters>
<autoIncrementCycle>false</autoIncrementCycle>
</Column>
<Column name="tags" id="FD3EF2AA-18A4-C20F-7EA5-B7D35759BCD3">
<createdBy>Jobin</createdBy>
<createdTime>2015-11-23 15:23:57 UTC</createdTime>
<ownerDesignName>F15F2_Logical</ownerDesignName>
<nullsAllowed>true</nullsAllowed>
<useDomainConstraints>false</useDomainConstraints>
<use>1</use>
<logicalDatatype>LOGDT024</logicalDatatype>
<dataTypeSize>4000</dataTypeSize>
<ownDataTypeParameters>4000,,</ownDataTypeParameters>
<autoIncrementCycle>false</autoIncrementCycle>
</Column>
</columns>
<indexes itemClass="oracle.dbtools.crest.model.design.relational.Index">
<ind_PK_UK id="0EC44BED-4948-0C6C-5551-5EE29B8A6F2A" name="F15F2_Doc_PK">
<createdBy>Jobin</createdBy>
<createdTime>2015-11-18 02:23:22 UTC</createdTime>
<generatorID>94437286-8D34-AF96-7CE2-73CE08923BA3</generatorID>
<ownerDesignName>New RFE Relational</ownerDesignName>
<pk>true</pk>
<indexState>Primary Constraint</indexState>
<isSurrogateKey>false</isSurrogateKey>
<indexColumnUsage>
<colUsage columnID="8A18B76A-2F99-9156-1A74-D4647A0B8236"/>
</indexColumnUsage>
</ind_PK_UK>
<ind_PK_UK id="7174DC74-1345-13CB-C3CC-D588F6E58A00" name="F15F2_Doc_F15F2_RFE_FK">
<createdBy>Jobin</createdBy>
<createdTime>2015-11-18 02:23:22 UTC</createdTime>
<generatorID>8A008786-4D09-EC41-0FE7-7D804A889204</generatorID>
<ownerDesignName>New RFE Relational</ownerDesignName>
<indexState>Foreign Key</indexState>
<isSurrogateKey>false</isSurrogateKey>
<indexColumnUsage>
<colUsage columnID="484C151E-38CF-8F1B-7271-FC0746583B6C"/>
</indexColumnUsage>
</ind_PK_UK>
</indexes>
</Table>