<?xml version = '1.0' encoding = 'UTF-8'?>
<Table class="oracle.dbtools.crest.model.design.relational.Table" directorySegmentName="seg_0" id="6D9F4440-C20D-50DB-9249-71E971A92F76" name="F15F2_Comments">
<createdBy>Jobin</createdBy>
<createdTime>2015-11-18 02:23:22 UTC</createdTime>
<generatorID>99826992-A0E7-9C26-29BC-A4E1B467B27E</generatorID>
<ownerDesignName>New RFE Relational</ownerDesignName>
<allowColumnReorder>false</allowColumnReorder>
<existDependencyGenerateInDDl>true</existDependencyGenerateInDDl>
<parsed>true</parsed>
<columns itemClass="oracle.dbtools.crest.model.design.relational.Column">
<Column name="comment_id" id="FB16EED7-CD61-3396-0662-45643EC0DE78">
<createdBy>Jobin</createdBy>
<createdTime>2015-11-18 02:23:22 UTC</createdTime>
<generatorID>045AB5DC-16C5-9B80-36C8-C880AB82C583</generatorID>
<ownerDesignName>New RFE Relational</ownerDesignName>
<useDomainConstraints>false</useDomainConstraints>
<use>1</use>
<logicalDatatype>LOGDT011</logicalDatatype>
<ownDataTypeParameters>,,</ownDataTypeParameters>
<autoIncrementCycle>false</autoIncrementCycle>
</Column>
<Column name="F15F2_RFE_rfe_id" id="536C5DEA-12CA-0376-3AF9-91C5BF958980">
<createdBy>Jobin</createdBy>
<createdTime>2015-11-18 02:23:22 UTC</createdTime>
<generatorID>4BD04C50-4B69-5276-6751-3A75C310BF61</generatorID>
<ownerDesignName>New RFE Relational</ownerDesignName>
<nullsAllowed>true</nullsAllowed>
<useDomainConstraints>false</useDomainConstraints>
<use>1</use>
<logicalDatatype>LOGDT011</logicalDatatype>
<ownDataTypeParameters>,,</ownDataTypeParameters>
<previousColumn>false</previousColumn>
<autoIncrementCycle>false</autoIncrementCycle>
<associations>
<colAssociation fkAssociation="8E3816FA-EF77-EC07-42B1-40B717ADFD37" referredColumn="6D9055CA-73C2-B0C8-5BBD-732CFDE150DE"/>
</associations>
</Column>
<Column name="F15F2_Emp_emp_id" id="0CD0A24B-B2B5-D4F6-B9A9-D621A96ED2E2">
<createdBy>Jobin</createdBy>
<createdTime>2015-11-18 02:23:22 UTC</createdTime>
<generatorID>6FFF1350-AD83-ABB7-9E01-E6F5C10A4548</generatorID>
<ownerDesignName>New RFE Relational</ownerDesignName>
<nullsAllowed>true</nullsAllowed>
<useDomainConstraints>false</useDomainConstraints>
<use>1</use>
<logicalDatatype>LOGDT011</logicalDatatype>
<ownDataTypeParameters>,,</ownDataTypeParameters>
<previousColumn>false</previousColumn>
<autoIncrementCycle>false</autoIncrementCycle>
<associations>
<colAssociation fkAssociation="5DF434F3-07E4-6CB5-9913-79DD58D422A2" referredColumn="320C9199-E8D5-7264-C43F-61672DF576BD"/>
</associations>
</Column>
<Column name="comment_entry_date" id="49C7F5F3-BCD3-E4D4-C53D-041F15541C78">
<createdBy>Jobin</createdBy>
<createdTime>2015-11-18 02:23:22 UTC</createdTime>
<generatorID>2D6A3226-4E7D-79C9-1D7F-1681100627DB</generatorID>
<ownerDesignName>New RFE Relational</ownerDesignName>
<useDomainConstraints>false</useDomainConstraints>
<use>1</use>
<logicalDatatype>LOGDT007</logicalDatatype>
<ownDataTypeParameters>,,</ownDataTypeParameters>
<autoIncrementCycle>false</autoIncrementCycle>
</Column>
<Column name="comments" id="06081F67-B1DB-083F-CFB4-139A466F5149">
<createdBy>Jobin</createdBy>
<createdTime>2015-11-18 02:23:22 UTC</createdTime>
<generatorID>28165B58-02BB-153A-2A6C-61E29F0AEC07</generatorID>
<ownerDesignName>New RFE Relational</ownerDesignName>
<useDomainConstraints>false</useDomainConstraints>
<use>1</use>
<logicalDatatype>LOGDT024</logicalDatatype>
<dataTypeSize>400</dataTypeSize>
<ownDataTypeParameters>400,,</ownDataTypeParameters>
<autoIncrementCycle>false</autoIncrementCycle>
</Column>
</columns>
<indexes itemClass="oracle.dbtools.crest.model.design.relational.Index">
<ind_PK_UK id="D58DDDF1-3DEC-11C4-E46B-8964CFA595B0" name="F15F2_Comments_PK">
<createdBy>Jobin</createdBy>
<createdTime>2015-11-18 02:23:22 UTC</createdTime>
<generatorID>E9B421F3-E8AA-D669-14B2-F516ECA45A2A</generatorID>
<ownerDesignName>New RFE Relational</ownerDesignName>
<pk>true</pk>
<indexState>Primary Constraint</indexState>
<isSurrogateKey>false</isSurrogateKey>
<indexColumnUsage>
<colUsage columnID="FB16EED7-CD61-3396-0662-45643EC0DE78"/>
</indexColumnUsage>
</ind_PK_UK>
<ind_PK_UK id="DA69E4E1-EC49-ADFA-0C27-7E63C66B06CB" name="F15F2_Comments_F15F2_RFE_FK">
<createdBy>Jobin</createdBy>
<createdTime>2015-11-18 02:23:22 UTC</createdTime>
<generatorID>0A126F2D-BAB4-D020-B68A-2B76659A0289</generatorID>
<ownerDesignName>New RFE Relational</ownerDesignName>
<indexState>Foreign Key</indexState>
<isSurrogateKey>false</isSurrogateKey>
<indexColumnUsage>
<colUsage columnID="536C5DEA-12CA-0376-3AF9-91C5BF958980"/>
</indexColumnUsage>
</ind_PK_UK>
<ind_PK_UK id="8985827D-B6F3-F0A6-5EE9-882FEB31DB52" name="F15F2_Comments_F15F2_Emp_FK">
<createdBy>Jobin</createdBy>
<createdTime>2015-11-18 02:23:22 UTC</createdTime>
<generatorID>59195559-CF4D-30CC-82FF-3110F8E944C5</generatorID>
<ownerDesignName>New RFE Relational</ownerDesignName>
<indexState>Foreign Key</indexState>
<isSurrogateKey>false</isSurrogateKey>
<indexColumnUsage>
<colUsage columnID="0CD0A24B-B2B5-D4F6-B9A9-D621A96ED2E2"/>
</indexColumnUsage>
</ind_PK_UK>
</indexes>
</Table>