<?xml version = '1.0' encoding = 'UTF-8'?>
<Table class="oracle.dbtools.crest.model.design.relational.Table" directorySegmentName="seg_0" id="893FC0EB-2B9B-D346-6C97-D9B80B6E23ED" name="F15F2_Lab">
<createdBy>Jobin</createdBy>
<createdTime>2015-11-18 02:23:22 UTC</createdTime>
<generatorID>0318FB66-F026-7321-386E-221760B7EDB5</generatorID>
<ownerDesignName>New RFE Relational</ownerDesignName>
<allowColumnReorder>false</allowColumnReorder>
<existDependencyGenerateInDDl>true</existDependencyGenerateInDDl>
<parsed>true</parsed>
<columns itemClass="oracle.dbtools.crest.model.design.relational.Column">
<Column name="lab_id" id="8979972C-22F4-20BE-EE49-28055C01F60D">
<createdBy>Jobin</createdBy>
<createdTime>2015-11-18 02:23:22 UTC</createdTime>
<generatorID>AD13C123-97C6-F6CB-D81A-308DE5DC5B67</generatorID>
<ownerDesignName>New RFE Relational</ownerDesignName>
<useDomainConstraints>false</useDomainConstraints>
<use>1</use>
<logicalDatatype>LOGDT011</logicalDatatype>
<ownDataTypeParameters>,,</ownDataTypeParameters>
<autoIncrementCycle>false</autoIncrementCycle>
</Column>
<Column name="lab_code" id="4C54757A-13E9-FC4E-EB19-AB560EA54EEB">
<createdBy>Jobin</createdBy>
<createdTime>2015-11-19 02:12:57 UTC</createdTime>
<generatorID>C8AE0230-48B8-6ED5-EBB1-B365C6DA5BFB</generatorID>
<ownerDesignName>RFE_Logical</ownerDesignName>
<nullsAllowed>true</nullsAllowed>
<useDomainConstraints>false</useDomainConstraints>
<use>1</use>
<logicalDatatype>LOGDT024</logicalDatatype>
<dataTypeSize>4</dataTypeSize>
<ownDataTypeParameters>4,,</ownDataTypeParameters>
<autoIncrementCycle>false</autoIncrementCycle>
</Column>
</columns>
<indexes itemClass="oracle.dbtools.crest.model.design.relational.Index">
<ind_PK_UK id="E9DCEB7A-6038-34D1-0D51-713EE820B8A9" name="F15F2_Lab_PK">
<createdBy>Jobin</createdBy>
<createdTime>2015-11-18 02:23:22 UTC</createdTime>
<generatorID>10A8BAA8-6182-BE93-9BED-2BCD66DBF516</generatorID>
<ownerDesignName>New RFE Relational</ownerDesignName>
<pk>true</pk>
<indexState>Primary Constraint</indexState>
<isSurrogateKey>false</isSurrogateKey>
<indexColumnUsage>
<colUsage columnID="8979972C-22F4-20BE-EE49-28055C01F60D"/>
</indexColumnUsage>
</ind_PK_UK>
</indexes>
</Table>