<?xml version = '1.0' encoding = 'UTF-8'?>
<Table class="oracle.dbtools.crest.model.design.relational.Table" directorySegmentName="seg_0" id="8DE02B8A-A42B-19A9-D2E3-7ED3A1F73530" name="F15F2_Hist">
<createdBy>Jobin</createdBy>
<createdTime>2015-11-18 02:23:22 UTC</createdTime>
<generatorID>D7E6B653-4679-2A01-F29D-F561D3AFD61E</generatorID>
<ownerDesignName>New RFE Relational</ownerDesignName>
<allowColumnReorder>false</allowColumnReorder>
<existDependencyGenerateInDDl>true</existDependencyGenerateInDDl>
<parsed>true</parsed>
<columns itemClass="oracle.dbtools.crest.model.design.relational.Column">
<Column name="hist_id" id="6DAEBFB1-5BDC-19E1-8CE0-1C2E1842CBB9">
<createdBy>Jobin</createdBy>
<createdTime>2015-11-18 02:23:22 UTC</createdTime>
<generatorID>C2F6AE23-E3F8-1CFF-455C-B9DE18383B69</generatorID>
<ownerDesignName>New RFE Relational</ownerDesignName>
<useDomainConstraints>false</useDomainConstraints>
<use>1</use>
<logicalDatatype>LOGDT011</logicalDatatype>
<ownDataTypeParameters>,,</ownDataTypeParameters>
<autoIncrementCycle>false</autoIncrementCycle>
</Column>
<Column name="F15F2_RFE_rfe_id" id="4991B0FF-8304-0C1B-81D6-C6184C3D99BB">
<createdBy>Jobin</createdBy>
<createdTime>2015-11-18 02:23:22 UTC</createdTime>
<generatorID>23DFA54E-4A64-BFCC-EE47-962643264C92</generatorID>
<ownerDesignName>New RFE Relational</ownerDesignName>
<nullsAllowed>true</nullsAllowed>
<useDomainConstraints>false</useDomainConstraints>
<use>1</use>
<logicalDatatype>LOGDT011</logicalDatatype>
<ownDataTypeParameters>,,</ownDataTypeParameters>
<previousColumn>false</previousColumn>
<autoIncrementCycle>false</autoIncrementCycle>
<associations>
<colAssociation fkAssociation="CDE4AD81-B172-D220-0756-5B9C10A2D0A0" referredColumn="6D9055CA-73C2-B0C8-5BBD-732CFDE150DE"/>
</associations>
</Column>
<Column name="status_id" id="2D8A5520-CA40-B551-477E-5134C09CC8F4">
<createdBy>Jobin</createdBy>
<createdTime>2015-11-19 02:12:57 UTC</createdTime>
<generatorID>1249EC68-6AF7-2B32-C594-96219F7AF53E</generatorID>
<ownerDesignName>RFE_Logical</ownerDesignName>
<useDomainConstraints>false</useDomainConstraints>
<use>1</use>
<logicalDatatype>LOGDT011</logicalDatatype>
<ownDataTypeParameters>,,</ownDataTypeParameters>
<autoIncrementCycle>false</autoIncrementCycle>
</Column>
<Column name="effective_date" id="17110084-0780-D869-FBFF-5497CC92EF21">
<createdBy>Jobin</createdBy>
<createdTime>2015-11-19 02:12:57 UTC</createdTime>
<generatorID>E367B484-2C45-F020-74D8-A2233D3A44A1</generatorID>
<ownerDesignName>RFE_Logical</ownerDesignName>
<useDomainConstraints>false</useDomainConstraints>
<use>1</use>
<logicalDatatype>LOGDT007</logicalDatatype>
<ownDataTypeParameters>,,</ownDataTypeParameters>
<autoIncrementCycle>false</autoIncrementCycle>
</Column>
<Column name="entered_by_emp_id" id="54FDA74E-1398-12CE-2A44-1FFA1E39C7B9">
<createdBy>Jobin</createdBy>
<createdTime>2015-11-19 02:12:57 UTC</createdTime>
<generatorID>C182FB51-19A3-1D09-36F3-98011938B2BF</generatorID>
<ownerDesignName>RFE_Logical</ownerDesignName>
<useDomainConstraints>false</useDomainConstraints>
<use>1</use>
<logicalDatatype>LOGDT011</logicalDatatype>
<ownDataTypeParameters>,,</ownDataTypeParameters>
<autoIncrementCycle>false</autoIncrementCycle>
</Column>
</columns>
<indexes itemClass="oracle.dbtools.crest.model.design.relational.Index">
<ind_PK_UK id="0209DB12-6C89-732E-2E6F-115B45FF820C" name="F15F2_Hist_PK">
<createdBy>Jobin</createdBy>
<createdTime>2015-11-18 02:23:22 UTC</createdTime>
<generatorID>A4A44531-6AD7-7052-E38E-6E81A58DAD21</generatorID>
<ownerDesignName>New RFE Relational</ownerDesignName>
<pk>true</pk>
<indexState>Primary Constraint</indexState>
<isSurrogateKey>false</isSurrogateKey>
<indexColumnUsage>
<colUsage columnID="6DAEBFB1-5BDC-19E1-8CE0-1C2E1842CBB9"/>
</indexColumnUsage>
</ind_PK_UK>
<ind_PK_UK id="0CD0F4F6-DCC3-B7EF-9354-43F3D57E30C5" name="F15F2_Hist_F15F2_RFE_FK">
<createdBy>Jobin</createdBy>
<createdTime>2015-11-18 02:23:22 UTC</createdTime>
<generatorID>A51BE359-3C5F-5149-CFE3-8C281E03771A</generatorID>
<ownerDesignName>New RFE Relational</ownerDesignName>
<indexState>Foreign Key</indexState>
<isSurrogateKey>false</isSurrogateKey>
<indexColumnUsage>
<colUsage columnID="4991B0FF-8304-0C1B-81D6-C6184C3D99BB"/>
</indexColumnUsage>
</ind_PK_UK>
</indexes>
</Table>