<?xml version = '1.0' encoding = 'UTF-8'?>
<Table class="oracle.dbtools.crest.model.design.relational.Table" directorySegmentName="seg_0" id="AC98339A-783B-986C-54DC-44A4B62D15D4" name="F15F2_Status">
<createdBy>Jobin</createdBy>
<createdTime>2015-11-18 02:23:22 UTC</createdTime>
<generatorID>AF3AB0E3-040A-CAEE-BFFD-11B3E9686C82</generatorID>
<ownerDesignName>New RFE Relational</ownerDesignName>
<allowColumnReorder>false</allowColumnReorder>
<existDependencyGenerateInDDl>true</existDependencyGenerateInDDl>
<parsed>true</parsed>
<columns itemClass="oracle.dbtools.crest.model.design.relational.Column">
<Column name="status_id" id="8A7CB6FC-AFC8-3CE7-9694-D040A982570E">
<createdBy>Jobin</createdBy>
<createdTime>2015-11-18 02:23:22 UTC</createdTime>
<generatorID>72AF99C3-AA42-FF78-CC20-C13F009AE915</generatorID>
<ownerDesignName>New RFE Relational</ownerDesignName>
<useDomainConstraints>false</useDomainConstraints>
<use>1</use>
<logicalDatatype>LOGDT011</logicalDatatype>
<ownDataTypeParameters>,,</ownDataTypeParameters>
<autoIncrementCycle>false</autoIncrementCycle>
</Column>
<Column name="effective_date" id="7B894C73-2545-F78F-FD37-F5090A9165AA">
<createdBy>Jobin</createdBy>
<createdTime>2015-11-18 02:23:22 UTC</createdTime>
<generatorID>54AE8A21-4786-CCDA-F490-C645B212AD3A</generatorID>
<ownerDesignName>New RFE Relational</ownerDesignName>
<useDomainConstraints>false</useDomainConstraints>
<use>1</use>
<logicalDatatype>LOGDT007</logicalDatatype>
<ownDataTypeParameters>,,</ownDataTypeParameters>
<autoIncrementCycle>false</autoIncrementCycle>
</Column>
<Column name="entered_by_emp_id" id="5BF7F97C-D2A7-31C3-347F-67C3B6FBFA07">
<createdBy>Jobin</createdBy>
<createdTime>2015-11-18 02:23:22 UTC</createdTime>
<generatorID>CD55C2C8-AAB0-CDD0-D4EF-03E292514208</generatorID>
<ownerDesignName>New RFE Relational</ownerDesignName>
<useDomainConstraints>false</useDomainConstraints>
<use>1</use>
<logicalDatatype>LOGDT011</logicalDatatype>
<ownDataTypeParameters>,,</ownDataTypeParameters>
<autoIncrementCycle>false</autoIncrementCycle>
</Column>
<Column name="rfe_status" id="3D7BE45B-C849-3966-597C-BF1B58609286">
<createdBy>Jobin</createdBy>
<createdTime>2015-11-19 02:12:57 UTC</createdTime>
<generatorID>118053D3-683B-2F38-E673-0ECDD75D0179</generatorID>
<ownerDesignName>RFE_Logical</ownerDesignName>
<useDomainConstraints>false</useDomainConstraints>
<use>1</use>
<logicalDatatype>LOGDT024</logicalDatatype>
<dataTypeSize>30</dataTypeSize>
<ownDataTypeParameters>30,,</ownDataTypeParameters>
<autoIncrementCycle>false</autoIncrementCycle>
</Column>
<Column name="description" id="978E4C26-0CE1-14C4-FEB7-BE386935080F">
<createdBy>Jobin</createdBy>
<createdTime>2015-11-19 02:12:57 UTC</createdTime>
<generatorID>0812E057-C0E5-298C-3D13-F161F44FC36B</generatorID>
<ownerDesignName>RFE_Logical</ownerDesignName>
<useDomainConstraints>false</useDomainConstraints>
<use>1</use>
<logicalDatatype>LOGDT024</logicalDatatype>
<dataTypeSize>500</dataTypeSize>
<ownDataTypeParameters>500,,</ownDataTypeParameters>
<autoIncrementCycle>false</autoIncrementCycle>
</Column>
</columns>
<indexes itemClass="oracle.dbtools.crest.model.design.relational.Index">
<ind_PK_UK id="8EB5E8D2-C754-125D-E55B-006CE3F6CEB8" name="F15F2_Status_PK">
<createdBy>Jobin</createdBy>
<createdTime>2015-11-18 02:23:22 UTC</createdTime>
<generatorID>7EB29DF6-0251-9E1D-2553-9ADCCAD5281D</generatorID>
<ownerDesignName>New RFE Relational</ownerDesignName>
<pk>true</pk>
<indexState>Primary Constraint</indexState>
<isSurrogateKey>false</isSurrogateKey>
<indexColumnUsage>
<colUsage columnID="8A7CB6FC-AFC8-3CE7-9694-D040A982570E"/>
</indexColumnUsage>
</ind_PK_UK>
</indexes>
</Table>