<?xml version = '1.0' encoding = 'UTF-8'?>
<Table class="oracle.dbtools.crest.model.design.relational.Table" directorySegmentName="seg_0" id="B1ABFDFE-1CE7-2173-143D-78F1DFD0C984" name="F15F2_Approver">
<createdBy>Jobin</createdBy>
<createdTime>2015-11-18 02:23:22 UTC</createdTime>
<generatorID>BA1F532E-C8B8-3D81-D90F-B83CFA3733ED</generatorID>
<ownerDesignName>New RFE Relational</ownerDesignName>
<ordsAlias>f15f2_requestor</ordsAlias>
<allowColumnReorder>false</allowColumnReorder>
<existDependencyGenerateInDDl>true</existDependencyGenerateInDDl>
<parsed>true</parsed>
<columns itemClass="oracle.dbtools.crest.model.design.relational.Column">
<Column name="approver_id" id="95558AD7-F7A9-FC7A-3EE6-7B842ED95427">
<createdBy>Jobin</createdBy>
<createdTime>2015-11-18 21:15:47 UTC</createdTime>
<generatorID>678DFCBD-D9A2-793B-EBCF-52C4A863861A</generatorID>
<ownerDesignName>RFE_Logical</ownerDesignName>
<useDomainConstraints>false</useDomainConstraints>
<use>1</use>
<logicalDatatype>LOGDT011</logicalDatatype>
<ownDataTypeParameters>,,</ownDataTypeParameters>
<autoIncrementCycle>false</autoIncrementCycle>
</Column>
<Column name="F15F2_Emp_emp_id" id="97A0B25D-F57D-2675-CF09-E549FC2DF6EC">
<createdBy>Jobin</createdBy>
<createdTime>2015-11-18 02:23:22 UTC</createdTime>
<generatorID>F76ED4DC-D557-E150-F00A-32C0AEB09D69</generatorID>
<ownerDesignName>New RFE Relational</ownerDesignName>
<useDomainConstraints>false</useDomainConstraints>
<use>1</use>
<logicalDatatype>LOGDT011</logicalDatatype>
<ownDataTypeParameters>,,</ownDataTypeParameters>
<previousColumn>false</previousColumn>
<autoIncrementCycle>false</autoIncrementCycle>
<associations>
<colAssociation fkAssociation="E72A0F91-1062-497B-EC55-F21B7A7D6EBA" referredColumn="320C9199-E8D5-7264-C43F-61672DF576BD"/>
</associations>
</Column>
<Column name="F15F2_RFE_rfe_id" id="D67F0C0A-8E4F-CD1B-C0A3-D39F0C8C6908">
<createdBy>Jobin</createdBy>
<createdTime>2015-11-18 02:23:22 UTC</createdTime>
<generatorID>3D58DA06-90D6-036D-E1E2-C3BD97D50803</generatorID>
<ownerDesignName>New RFE Relational</ownerDesignName>
<useDomainConstraints>false</useDomainConstraints>
<use>1</use>
<logicalDatatype>LOGDT011</logicalDatatype>
<ownDataTypeParameters>,,</ownDataTypeParameters>
<previousColumn>false</previousColumn>
<autoIncrementCycle>false</autoIncrementCycle>
<associations>
<colAssociation fkAssociation="07D7B26D-5EAE-BA48-5038-11C19C0D993E" referredColumn="6D9055CA-73C2-B0C8-5BBD-732CFDE150DE"/>
</associations>
</Column>
</columns>
<indexes itemClass="oracle.dbtools.crest.model.design.relational.Index">
<ind_PK_UK id="6522FD27-AD5F-627F-2BAB-5FC4AB6ECD0F" name="F15F2_Requestor_PK">
<createdBy>Jobin</createdBy>
<createdTime>2015-11-18 21:15:47 UTC</createdTime>
<generatorID>8CD0DFE7-4C91-525E-3D63-107ABA2C3638</generatorID>
<ownerDesignName>RFE_Logical</ownerDesignName>
<pk>true</pk>
<indexState>Primary Constraint</indexState>
<isSurrogateKey>false</isSurrogateKey>
<indexColumnUsage>
<colUsage columnID="95558AD7-F7A9-FC7A-3EE6-7B842ED95427"/>
</indexColumnUsage>
</ind_PK_UK>
<ind_PK_UK id="05FB8B06-5FFA-3D63-4C0B-549BE3E710DF" name="F15F2_Requestor_F15F2_Emp_FK">
<createdBy>Jobin</createdBy>
<createdTime>2015-11-18 02:23:22 UTC</createdTime>
<generatorID>ED7672E0-BD2A-A656-2378-8B654FCF4CDA</generatorID>
<ownerDesignName>New RFE Relational</ownerDesignName>
<indexState>Foreign Key</indexState>
<isSurrogateKey>false</isSurrogateKey>
<indexColumnUsage>
<colUsage columnID="97A0B25D-F57D-2675-CF09-E549FC2DF6EC"/>
</indexColumnUsage>
</ind_PK_UK>
<ind_PK_UK id="CFD52257-D59E-E8E6-501F-44732D4E4F3B" name="F15F2_Requestor_F15F2_RFE_FK">
<createdBy>Jobin</createdBy>
<createdTime>2015-11-18 02:23:23 UTC</createdTime>
<generatorID>55DF6EB3-4185-1426-0E66-1BEB11D8A4B2</generatorID>
<ownerDesignName>New RFE Relational</ownerDesignName>
<indexState>Foreign Key</indexState>
<isSurrogateKey>false</isSurrogateKey>
<indexColumnUsage>
<colUsage columnID="D67F0C0A-8E4F-CD1B-C0A3-D39F0C8C6908"/>
</indexColumnUsage>
</ind_PK_UK>
</indexes>
</Table>