<?xml version = '1.0' encoding = 'UTF-8'?>
<Table class="oracle.dbtools.crest.model.design.relational.Table" directorySegmentName="seg_0" id="B2B80E74-F737-FEA3-74CD-D95258B62934" name="F15F2_Task">
<createdBy>Jobin</createdBy>
<createdTime>2015-11-18 02:23:22 UTC</createdTime>
<comment>Ex. &lt;br/&gt;Project: Build electronic boards&lt;br/&gt;Task: Build one of the electronic boards</comment>
<generatorID>3E947085-D53A-B80E-1CE3-C28965581E53</generatorID>
<ownerDesignName>New RFE Relational</ownerDesignName>
<allowColumnReorder>false</allowColumnReorder>
<existDependencyGenerateInDDl>true</existDependencyGenerateInDDl>
<parsed>true</parsed>
<columns itemClass="oracle.dbtools.crest.model.design.relational.Column">
<Column name="task_id" id="7CBE1D86-335C-B4A3-C5B7-344754802AC3">
<createdBy>Jobin</createdBy>
<createdTime>2015-11-18 02:23:22 UTC</createdTime>
<generatorID>32D30C5F-5761-C590-BB9F-B544EFFBB51B</generatorID>
<ownerDesignName>New RFE Relational</ownerDesignName>
<useDomainConstraints>false</useDomainConstraints>
<use>1</use>
<logicalDatatype>LOGDT011</logicalDatatype>
<ownDataTypeParameters>,,</ownDataTypeParameters>
<autoIncrementCycle>false</autoIncrementCycle>
</Column>
<Column name="effective_date" id="968FBF13-BAA2-12D0-BB97-30E1FA70E47A">
<createdBy>Jobin</createdBy>
<createdTime>2015-11-19 02:12:57 UTC</createdTime>
<generatorID>A0A61D55-D9CA-945A-8B29-017B28337F42</generatorID>
<ownerDesignName>RFE_Logical</ownerDesignName>
<useDomainConstraints>false</useDomainConstraints>
<use>1</use>
<logicalDatatype>LOGDT007</logicalDatatype>
<ownDataTypeParameters>,,</ownDataTypeParameters>
<autoIncrementCycle>false</autoIncrementCycle>
</Column>
<Column name="task_abbreviation" id="7EC94938-CEC7-37AC-C0CF-35484F0D9422">
<createdBy>Jobin</createdBy>
<createdTime>2015-11-19 02:12:57 UTC</createdTime>
<generatorID>C8C8A9DB-5514-0596-D6F6-899D275988C2</generatorID>
<ownerDesignName>RFE_Logical</ownerDesignName>
<useDomainConstraints>false</useDomainConstraints>
<use>1</use>
<logicalDatatype>LOGDT024</logicalDatatype>
<dataTypeSize>15</dataTypeSize>
<ownDataTypeParameters>15,,</ownDataTypeParameters>
<autoIncrementCycle>false</autoIncrementCycle>
</Column>
<Column name="task_description" id="4B7AFD1D-3F82-F1DE-508F-E06B722C3857">
<createdBy>Jobin</createdBy>
<createdTime>2015-11-19 02:12:57 UTC</createdTime>
<generatorID>686AD2A1-A999-841C-A625-87F11853B875</generatorID>
<ownerDesignName>RFE_Logical</ownerDesignName>
<useDomainConstraints>false</useDomainConstraints>
<use>1</use>
<logicalDatatype>LOGDT024</logicalDatatype>
<dataTypeSize>4000</dataTypeSize>
<ownDataTypeParameters>4000,,</ownDataTypeParameters>
<autoIncrementCycle>false</autoIncrementCycle>
</Column>
</columns>
<indexes itemClass="oracle.dbtools.crest.model.design.relational.Index">
<ind_PK_UK id="BB58F1DC-F664-3CCD-1747-4ACD70CCEC7F" name="F15F2_Task_PK">
<createdBy>Jobin</createdBy>
<createdTime>2015-11-18 02:23:22 UTC</createdTime>
<generatorID>6E42459B-78B8-C321-D568-A1246450DBDB</generatorID>
<ownerDesignName>New RFE Relational</ownerDesignName>
<pk>true</pk>
<indexState>Primary Constraint</indexState>
<isSurrogateKey>false</isSurrogateKey>
<indexColumnUsage>
<colUsage columnID="7CBE1D86-335C-B4A3-C5B7-344754802AC3"/>
</indexColumnUsage>
</ind_PK_UK>
</indexes>
</Table>