<?xml version = '1.0' encoding = 'UTF-8'?>
<Relation class="oracle.dbtools.crest.model.design.logical.Relation" name="Relation_3" directorySegmentName="seg_0" id="839F9806-CD96-71EE-1944-A73C391CCA6C">
<createdBy>Jobin</createdBy>
<createdTime>2015-11-02 22:21:18 UTC</createdTime>
<ownerDesignName>New RFE</ownerDesignName>
<engineerTo>
<item key="493DE592-6597-4766-8CA7-B3FDAE387604" value="true"/>
</engineerTo>
<sourcePk>10A8BAA8-6182-BE93-9BED-2BCD66DBF516</sourcePk>
<identifying>false</identifying>
<optionalSource>true</optionalSource>
<optionalTarget>true</optionalTarget>
<sourceCardinality>1</sourceCardinality>
<sourceEntity>0318FB66-F026-7321-386E-221760B7EDB5</sourceEntity>
<targetCardinalityString>*</targetCardinalityString>
<targetEntity>9F6BF17F-FE4A-6C09-E842-8B60E62244BC</targetEntity>
<transferable>true</transferable>
<deleteRule>NO ACTION</deleteRule>
</Relation>