<?xml version = '1.0' encoding = 'UTF-8'?>
<Relation class="oracle.dbtools.crest.model.design.logical.Relation" name="Relation_9" directorySegmentName="seg_0" id="AB6A14E8-94CD-C9A6-67DB-C01F6F186884">
<createdBy>Jobin</createdBy>
<createdTime>2015-11-02 22:30:04 UTC</createdTime>
<ownerDesignName>New RFE</ownerDesignName>
<engineerTo>
<item key="493DE592-6597-4766-8CA7-B3FDAE387604" value="true"/>
</engineerTo>
<sourcePk>7EB29DF6-0251-9E1D-2553-9ADCCAD5281D</sourcePk>
<identifying>false</identifying>
<optionalSource>true</optionalSource>
<optionalTarget>true</optionalTarget>
<sourceCardinality>1</sourceCardinality>
<sourceEntity>AF3AB0E3-040A-CAEE-BFFD-11B3E9686C82</sourceEntity>
<targetCardinalityString>*</targetCardinalityString>
<targetEntity>389AE38D-4499-CADD-8F72-7353991CF204</targetEntity>
<transferable>true</transferable>
<deleteRule>NO ACTION</deleteRule>
</Relation>