<?xml version = '1.0' encoding = 'UTF-8'?>
<Entity class="oracle.dbtools.crest.model.design.logical.Entity" directorySegmentName="seg_0" id="CAB5EF3A-68ED-63EF-4316-05BBDA4CBF66" name="F15F2_Contacts">
<createdBy>Jobin</createdBy>
<createdTime>2015-11-18 02:14:26 UTC</createdTime>
<ownerDesignName>New RFE Relational</ownerDesignName>
<engineerTo>
<item key="493DE592-6597-4766-8CA7-B3FDAE387604" value="true"/>
</engineerTo>
<adequatelyNormalized>NO</adequatelyNormalized>
<expectedVolumes>0</expectedVolumes>
<fwdEngineeringStrategyName>Single Table</fwdEngineeringStrategyName>
<growthPercent>0</growthPercent>
<growthType>Year</growthType>
<maxVolumes>9999999</maxVolumes>
<minVolumes>0</minVolumes>
<normalForm>Third</normalForm>
<attributes itemClass="oracle.dbtools.crest.model.design.logical.Attribute">
<Attribute name="contact_id" id="5BB7C274-6133-8010-92BA-6212513E7635">
<createdBy>Jobin</createdBy>
<createdTime>2015-11-18 21:12:41 UTC</createdTime>
<ownerDesignName>RFE_Logical</ownerDesignName>
<engineerTo>
<item key="493DE592-6597-4766-8CA7-B3FDAE387604" value="true"/>
</engineerTo>
<useDomainConstraints>false</useDomainConstraints>
<use>1</use>
<logicalDatatype>LOGDT011</logicalDatatype>
<ownDataTypeParameters>,,</ownDataTypeParameters>
</Attribute>
<Attribute name="emp_id" id="69898199-70DE-2FAC-78F3-16337E8A4E8D">
<createdBy>Jobin</createdBy>
<createdTime>2015-11-18 02:15:10 UTC</createdTime>
<generatorID>BD7D0087-B23D-FE5A-0B86-11531E00A15A</generatorID>
<ownerDesignName>New RFE Relational</ownerDesignName>
<engineerTo>
<item key="493DE592-6597-4766-8CA7-B3FDAE387604" value="true"/>
</engineerTo>
<referedAttribute>14FFE3A2-9AD9-8C26-D70E-CCFA88303D28</referedAttribute>
<useDomainConstraints>false</useDomainConstraints>
<use>1</use>
<logicalDatatype>LOGDT011</logicalDatatype>
<ownDataTypeParameters>,,</ownDataTypeParameters>
</Attribute>
<Attribute name="rfe_id" id="40F37964-6904-98BB-9F63-CCC0C3CE4B55">
<createdBy>Jobin</createdBy>
<createdTime>2015-11-18 02:15:17 UTC</createdTime>
<generatorID>E6421FC4-C78F-6D84-E869-29A9355846AD</generatorID>
<ownerDesignName>New RFE Relational</ownerDesignName>
<engineerTo>
<item key="493DE592-6597-4766-8CA7-B3FDAE387604" value="true"/>
</engineerTo>
<referedAttribute>1F24CCD6-C348-13A1-46FC-D072AA810D93</referedAttribute>
<useDomainConstraints>false</useDomainConstraints>
<use>1</use>
<logicalDatatype>LOGDT011</logicalDatatype>
<ownDataTypeParameters>,,</ownDataTypeParameters>
</Attribute>
<Attribute name="effective_date" id="A28867C9-B412-5E37-2D60-60C6FA3D2F21">
<createdBy>Jobin</createdBy>
<createdTime>2015-11-19 01:58:34 UTC</createdTime>
<ownerDesignName>RFE_Logical</ownerDesignName>
<engineerTo>
<item key="493DE592-6597-4766-8CA7-B3FDAE387604" value="true"/>
</engineerTo>
<useDomainConstraints>false</useDomainConstraints>
<use>1</use>
<logicalDatatype>LOGDT007</logicalDatatype>
<ownDataTypeParameters>,,</ownDataTypeParameters>
</Attribute>
<Attribute name="comments" id="C3865133-AE01-8770-354C-3D9250F5210A">
<createdBy>Jobin</createdBy>
<createdTime>2015-11-19 01:58:43 UTC</createdTime>
<ownerDesignName>RFE_Logical</ownerDesignName>
<engineerTo>
<item key="493DE592-6597-4766-8CA7-B3FDAE387604" value="true"/>
</engineerTo>
<nullsAllowed>true</nullsAllowed>
<useDomainConstraints>false</useDomainConstraints>
<use>1</use>
<logicalDatatype>LOGDT024</logicalDatatype>
<dataTypeSize>4000</dataTypeSize>
<ownDataTypeParameters>4000,,</ownDataTypeParameters>
</Attribute>
</attributes>
<identifiers itemClass="oracle.dbtools.crest.model.design.logical.CandidateKey">
<identifier id="5C96D08E-19C3-D4AD-B258-C5B46D6BC0B1" name="F15F2_Contacts PK">
<createdBy>Jobin</createdBy>
<createdTime>2015-11-18 21:12:57 UTC</createdTime>
<ownerDesignName>RFE_Logical</ownerDesignName>
<shouldEngineer>false</shouldEngineer>
<engineerTo>
<item key="493DE592-6597-4766-8CA7-B3FDAE387604" value="false"/>
</engineerTo>
<pk>true</pk>
<usedAttributes>
<attributeRef>5BB7C274-6133-8010-92BA-6212513E7635</attributeRef>
</usedAttributes>
</identifier>
</identifiers>
</Entity>