<?xml version = '1.0' encoding = 'UTF-8'?>
<Table class="oracle.dbtools.crest.model.design.relational.Table" directorySegmentName="seg_0" id="06063C0F-A8B3-8B4B-D8D8-60164C1E8835" name="F15F2_Contacts">
<createdBy>Jobin</createdBy>
<createdTime>2015-11-18 02:23:22 UTC</createdTime>
<generatorID>CAB5EF3A-68ED-63EF-4316-05BBDA4CBF66</generatorID>
<ownerDesignName>New RFE Relational</ownerDesignName>
<allowColumnReorder>false</allowColumnReorder>
<existDependencyGenerateInDDl>true</existDependencyGenerateInDDl>
<parsed>true</parsed>
<columns itemClass="oracle.dbtools.crest.model.design.relational.Column">
<Column name="contact_id" id="1994C2A8-1F19-825F-5788-39391DA46699">
<createdBy>Jobin</createdBy>
<createdTime>2015-11-18 21:15:47 UTC</createdTime>
<generatorID>5BB7C274-6133-8010-92BA-6212513E7635</generatorID>
<ownerDesignName>New RFE Relational</ownerDesignName>
<useDomainConstraints>false</useDomainConstraints>
<use>1</use>
<logicalDatatype>LOGDT011</logicalDatatype>
<ownDataTypeParameters>,,</ownDataTypeParameters>
<autoIncrementCycle>false</autoIncrementCycle>
</Column>
<Column name="F15F2_Emp_emp_id" id="DFD47A23-EFC7-54E1-E558-93BD9C793F84">
<createdBy>Jobin</createdBy>
<createdTime>2015-11-18 02:23:22 UTC</createdTime>
<generatorID>69898199-70DE-2FAC-78F3-16337E8A4E8D</generatorID>
<ownerDesignName>New RFE Relational</ownerDesignName>
<useDomainConstraints>false</useDomainConstraints>
<use>1</use>
<logicalDatatype>LOGDT011</logicalDatatype>
<ownDataTypeParameters>,,</ownDataTypeParameters>
<previousColumn>false</previousColumn>
<autoIncrementCycle>false</autoIncrementCycle>
<associations>
<colAssociation fkAssociation="E9CDEF4D-CBEE-A30F-440E-2C6444A04C5D" referredColumn="320C9199-E8D5-7264-C43F-61672DF576BD"/>
</associations>
</Column>
<Column name="F15F2_RFE_rfe_id" id="7563A420-4657-A3F2-BF4D-8059F2DDF7D3">
<createdBy>Jobin</createdBy>
<createdTime>2015-11-18 02:23:22 UTC</createdTime>
<generatorID>40F37964-6904-98BB-9F63-CCC0C3CE4B55</generatorID>
<ownerDesignName>New RFE Relational</ownerDesignName>
<useDomainConstraints>false</useDomainConstraints>
<use>1</use>
<logicalDatatype>LOGDT011</logicalDatatype>
<ownDataTypeParameters>,,</ownDataTypeParameters>
<previousColumn>false</previousColumn>
<autoIncrementCycle>false</autoIncrementCycle>
<associations>
<colAssociation fkAssociation="1B8677E9-A9DD-4F0C-5F70-A2E6565B19EE" referredColumn="6D9055CA-73C2-B0C8-5BBD-732CFDE150DE"/>
</associations>
</Column>
</columns>
<indexes itemClass="oracle.dbtools.crest.model.design.relational.Index">
<ind_PK_UK id="CE9296E3-7504-6025-EC77-637E0F5DFB6F" name="F15F2_Contacts_PK">
<createdBy>Jobin</createdBy>
<createdTime>2015-11-18 21:15:47 UTC</createdTime>
<generatorID>5C96D08E-19C3-D4AD-B258-C5B46D6BC0B1</generatorID>
<ownerDesignName>New RFE Relational</ownerDesignName>
<pk>true</pk>
<indexState>Primary Constraint</indexState>
<isSurrogateKey>false</isSurrogateKey>
<indexColumnUsage>
<colUsage columnID="1994C2A8-1F19-825F-5788-39391DA46699"/>
</indexColumnUsage>
</ind_PK_UK>
<ind_PK_UK id="51E1A36F-DBC3-4B59-ACC2-7A9F81707938" name="F15F2_Contacts_F15F2_Emp_FK">
<createdBy>Jobin</createdBy>
<createdTime>2015-11-18 02:23:22 UTC</createdTime>
<generatorID>BD7D0087-B23D-FE5A-0B86-11531E00A15A</generatorID>
<ownerDesignName>New RFE Relational</ownerDesignName>
<indexState>Foreign Key</indexState>
<isSurrogateKey>false</isSurrogateKey>
<indexColumnUsage>
<colUsage columnID="DFD47A23-EFC7-54E1-E558-93BD9C793F84"/>
</indexColumnUsage>
</ind_PK_UK>
<ind_PK_UK id="2FA8860B-FE8F-0E51-C04D-12144D96DF4E" name="F15F2_Contacts_F15F2_RFE_FK">
<createdBy>Jobin</createdBy>
<createdTime>2015-11-18 02:23:22 UTC</createdTime>
<generatorID>E6421FC4-C78F-6D84-E869-29A9355846AD</generatorID>
<ownerDesignName>New RFE Relational</ownerDesignName>
<indexState>Foreign Key</indexState>
<isSurrogateKey>false</isSurrogateKey>
<indexColumnUsage>
<colUsage columnID="7563A420-4657-A3F2-BF4D-8059F2DDF7D3"/>
</indexColumnUsage>
</ind_PK_UK>
</indexes>
</Table>