<?xml version = '1.0' encoding = 'UTF-8'?>
<Table class="oracle.dbtools.crest.model.design.relational.Table" directorySegmentName="seg_0" id="079D8A3D-CD77-F0C8-763A-2137663270C8" name="F15F2_Auth">
<createdBy>Jobin</createdBy>
<createdTime>2015-11-18 02:23:22 UTC</createdTime>
<generatorID>3CBBB1C7-3928-D32E-C311-28DDF8FDDC56</generatorID>
<ownerDesignName>New RFE Relational</ownerDesignName>
<allowColumnReorder>false</allowColumnReorder>
<existDependencyGenerateInDDl>true</existDependencyGenerateInDDl>
<parsed>true</parsed>
<columns itemClass="oracle.dbtools.crest.model.design.relational.Column">
<Column name="auth_id" id="00A83767-5AAB-0E75-52D6-37B5F73B08B1">
<createdBy>Jobin</createdBy>
<createdTime>2015-11-18 02:23:22 UTC</createdTime>
<generatorID>76490989-AC9E-2BBB-BC00-4996A3A5DDE8</generatorID>
<ownerDesignName>New RFE Relational</ownerDesignName>
<useDomainConstraints>false</useDomainConstraints>
<use>1</use>
<logicalDatatype>LOGDT011</logicalDatatype>
<ownDataTypeParameters>,,</ownDataTypeParameters>
<autoIncrementCycle>false</autoIncrementCycle>
</Column>
<Column name="right" id="A9B23A87-31E0-F5E9-A3F5-86D2844FB78C">
<createdBy>Jobin</createdBy>
<createdTime>2015-11-18 02:23:22 UTC</createdTime>
<generatorID>6A72AF18-7DCC-A40B-5002-FB4C313988B7</generatorID>
<ownerDesignName>New RFE Relational</ownerDesignName>
<nullsAllowed>true</nullsAllowed>
<useDomainConstraints>false</useDomainConstraints>
<use>1</use>
<logicalDatatype>LOGDT024</logicalDatatype>
<dataTypeSize>10</dataTypeSize>
<ownDataTypeParameters>10,,</ownDataTypeParameters>
<autoIncrementCycle>false</autoIncrementCycle>
</Column>
<Column name="F15F2_Emp_emp_id" id="93AA6BAE-12AC-713B-4647-B8AE5AA53F9A">
<createdBy>Jobin</createdBy>
<createdTime>2015-11-18 02:23:22 UTC</createdTime>
<generatorID>D00343D6-160A-DA55-0AD5-651B977B93A3</generatorID>
<ownerDesignName>New RFE Relational</ownerDesignName>
<useDomainConstraints>false</useDomainConstraints>
<use>1</use>
<logicalDatatype>LOGDT011</logicalDatatype>
<ownDataTypeParameters>,,</ownDataTypeParameters>
<previousColumn>false</previousColumn>
<autoIncrementCycle>false</autoIncrementCycle>
<associations>
<colAssociation fkAssociation="99A93007-F2F6-6EB5-CACA-E32B0C67FCAC" referredColumn="320C9199-E8D5-7264-C43F-61672DF576BD"/>
</associations>
</Column>
</columns>
<indexes itemClass="oracle.dbtools.crest.model.design.relational.Index">
<ind_PK_UK id="AB4B60EA-06C1-C5DE-37CE-4EF836B0A819" name="F15F2_Auth_PK">
<createdBy>Jobin</createdBy>
<createdTime>2015-11-18 02:23:22 UTC</createdTime>
<generatorID>F820BBC1-3F9B-40F3-7FFF-FEB32B1D911C</generatorID>
<ownerDesignName>New RFE Relational</ownerDesignName>
<pk>true</pk>
<indexState>Primary Constraint</indexState>
<isSurrogateKey>false</isSurrogateKey>
<indexColumnUsage>
<colUsage columnID="00A83767-5AAB-0E75-52D6-37B5F73B08B1"/>
</indexColumnUsage>
</ind_PK_UK>
<ind_PK_UK id="D277F7A7-3636-8A55-FB47-50CC0D1C70FA" name="F15F2_Auth__IDX">
<createdBy>Jobin</createdBy>
<createdTime>2015-11-18 02:23:22 UTC</createdTime>
<ownerDesignName>New RFE Relational</ownerDesignName>
<indexState>Unique Plain Index</indexState>
<isSurrogateKey>false</isSurrogateKey>
<relationGeneratorID>703627AD-732C-8024-F2B6-1721BDF5C741</relationGeneratorID>
<indexColumnUsage>
<colUsage columnID="93AA6BAE-12AC-713B-4647-B8AE5AA53F9A"/>
</indexColumnUsage>
</ind_PK_UK>
<ind_PK_UK id="DFDCA7C0-59B4-604A-76A9-F47390E83A82" name="F15F2_Auth_F15F2_Emp_FK">
<createdBy>Jobin</createdBy>
<createdTime>2015-11-18 02:23:22 UTC</createdTime>
<generatorID>703627AD-732C-8024-F2B6-1721BDF5C741</generatorID>
<ownerDesignName>New RFE Relational</ownerDesignName>
<indexState>Foreign Key</indexState>
<isSurrogateKey>false</isSurrogateKey>
<indexColumnUsage>
<colUsage columnID="93AA6BAE-12AC-713B-4647-B8AE5AA53F9A"/>
</indexColumnUsage>
</ind_PK_UK>
</indexes>
</Table>