<?xml version = '1.0' encoding = 'UTF-8'?>
<Table class="oracle.dbtools.crest.model.design.relational.Table" directorySegmentName="seg_0" id="4DE49626-F5AF-B955-3BEB-2719208FCE2C" name="F15F2_RFE">
<createdBy>Jobin</createdBy>
<createdTime>2015-11-18 02:23:22 UTC</createdTime>
<generatorID>389AE38D-4499-CADD-8F72-7353991CF204</generatorID>
<ownerDesignName>New RFE Relational</ownerDesignName>
<allowColumnReorder>false</allowColumnReorder>
<existDependencyGenerateInDDl>true</existDependencyGenerateInDDl>
<parsed>true</parsed>
<columns itemClass="oracle.dbtools.crest.model.design.relational.Column">
<Column name="rfe_id" id="6D9055CA-73C2-B0C8-5BBD-732CFDE150DE">
<createdBy>Jobin</createdBy>
<createdTime>2015-11-18 02:23:22 UTC</createdTime>
<generatorID>1F24CCD6-C348-13A1-46FC-D072AA810D93</generatorID>
<ownerDesignName>New RFE Relational</ownerDesignName>
<useDomainConstraints>false</useDomainConstraints>
<use>1</use>
<logicalDatatype>LOGDT011</logicalDatatype>
<ownDataTypeParameters>,,</ownDataTypeParameters>
<autoIncrementCycle>false</autoIncrementCycle>
</Column>
<Column name="F15F2_Emp_emp_id" id="16437E70-A39A-4C01-0BB5-E62EF516C29B">
<createdBy>Jobin</createdBy>
<createdTime>2015-11-18 02:23:22 UTC</createdTime>
<generatorID>5064A235-9A79-085C-F127-3646C4DB9B45</generatorID>
<ownerDesignName>New RFE Relational</ownerDesignName>
<nullsAllowed>true</nullsAllowed>
<useDomainConstraints>false</useDomainConstraints>
<use>1</use>
<logicalDatatype>LOGDT011</logicalDatatype>
<ownDataTypeParameters>,,</ownDataTypeParameters>
<previousColumn>false</previousColumn>
<autoIncrementCycle>false</autoIncrementCycle>
<associations>
<colAssociation fkAssociation="FD472DC7-149C-31D7-0237-7AEAF77BFD61" referredColumn="320C9199-E8D5-7264-C43F-61672DF576BD"/>
</associations>
</Column>
<Column name="F15F2_Status_status_id" id="6074BE43-20FB-EC41-208C-2CFE5A16FB38">
<createdBy>Jobin</createdBy>
<createdTime>2015-11-18 02:23:22 UTC</createdTime>
<generatorID>C4E42F3E-E57A-B81F-3B09-087EB41B3E1C</generatorID>
<ownerDesignName>New RFE Relational</ownerDesignName>
<nullsAllowed>true</nullsAllowed>
<useDomainConstraints>false</useDomainConstraints>
<use>1</use>
<logicalDatatype>LOGDT011</logicalDatatype>
<ownDataTypeParameters>,,</ownDataTypeParameters>
<previousColumn>false</previousColumn>
<autoIncrementCycle>false</autoIncrementCycle>
<associations>
<colAssociation fkAssociation="0922EE57-0CAC-6A13-E6DC-54BCB2A85AC7" referredColumn="8A7CB6FC-AFC8-3CE7-9694-D040A982570E"/>
</associations>
</Column>
</columns>
<indexes itemClass="oracle.dbtools.crest.model.design.relational.Index">
<ind_PK_UK id="D4421F86-2221-12D9-FBEE-6C4D0F9A7B2B" name="F15F2_RFE_PK">
<createdBy>Jobin</createdBy>
<createdTime>2015-11-18 02:23:22 UTC</createdTime>
<generatorID>FC1B5DAA-0F12-33C9-F231-E8A90C93F426</generatorID>
<ownerDesignName>New RFE Relational</ownerDesignName>
<pk>true</pk>
<indexState>Primary Constraint</indexState>
<isSurrogateKey>false</isSurrogateKey>
<indexColumnUsage>
<colUsage columnID="6D9055CA-73C2-B0C8-5BBD-732CFDE150DE"/>
</indexColumnUsage>
</ind_PK_UK>
<ind_PK_UK id="259A75C5-2D39-FC7D-86F7-E70FDA3440B4" name="F15F2_RFE_F15F2_Emp_FK">
<createdBy>Jobin</createdBy>
<createdTime>2015-11-18 02:23:23 UTC</createdTime>
<generatorID>A3B450CB-F3F1-57E7-184D-7023D65B5C1E</generatorID>
<ownerDesignName>New RFE Relational</ownerDesignName>
<indexState>Foreign Key</indexState>
<isSurrogateKey>false</isSurrogateKey>
<indexColumnUsage>
<colUsage columnID="16437E70-A39A-4C01-0BB5-E62EF516C29B"/>
</indexColumnUsage>
</ind_PK_UK>
<ind_PK_UK id="CD50B4DF-0D2D-D6E2-FF74-32977F3823D5" name="F15F2_RFE_F15F2_Status_FK">
<createdBy>Jobin</createdBy>
<createdTime>2015-11-18 02:23:23 UTC</createdTime>
<generatorID>AB6A14E8-94CD-C9A6-67DB-C01F6F186884</generatorID>
<ownerDesignName>New RFE Relational</ownerDesignName>
<indexState>Foreign Key</indexState>
<isSurrogateKey>false</isSurrogateKey>
<indexColumnUsage>
<colUsage columnID="6074BE43-20FB-EC41-208C-2CFE5A16FB38"/>
</indexColumnUsage>
</ind_PK_UK>
</indexes>
</Table>