<?xml version = '1.0' encoding = 'UTF-8'?>
<Table class="oracle.dbtools.crest.model.design.relational.Table" directorySegmentName="seg_0" id="B2B80E74-F737-FEA3-74CD-D95258B62934" name="F15F2_Task">
<createdBy>Jobin</createdBy>
<createdTime>2015-11-18 02:23:22 UTC</createdTime>
<comment>Ex. &lt;br/&gt;Project: Build electronic boards&lt;br/&gt;Task: Build one of the electronic boards</comment>
<generatorID>3E947085-D53A-B80E-1CE3-C28965581E53</generatorID>
<ownerDesignName>New RFE Relational</ownerDesignName>
<allowColumnReorder>false</allowColumnReorder>
<existDependencyGenerateInDDl>true</existDependencyGenerateInDDl>
<parsed>true</parsed>
<columns itemClass="oracle.dbtools.crest.model.design.relational.Column">
<Column name="task_id" id="7CBE1D86-335C-B4A3-C5B7-344754802AC3">
<createdBy>Jobin</createdBy>
<createdTime>2015-11-18 02:23:22 UTC</createdTime>
<generatorID>32D30C5F-5761-C590-BB9F-B544EFFBB51B</generatorID>
<ownerDesignName>New RFE Relational</ownerDesignName>
<useDomainConstraints>false</useDomainConstraints>
<use>1</use>
<logicalDatatype>LOGDT011</logicalDatatype>
<ownDataTypeParameters>,,</ownDataTypeParameters>
<autoIncrementCycle>false</autoIncrementCycle>
</Column>
</columns>
<indexes itemClass="oracle.dbtools.crest.model.design.relational.Index">
<ind_PK_UK id="BB58F1DC-F664-3CCD-1747-4ACD70CCEC7F" name="F15F2_Task_PK">
<createdBy>Jobin</createdBy>
<createdTime>2015-11-18 02:23:22 UTC</createdTime>
<generatorID>6E42459B-78B8-C321-D568-A1246450DBDB</generatorID>
<ownerDesignName>New RFE Relational</ownerDesignName>
<pk>true</pk>
<indexState>Primary Constraint</indexState>
<isSurrogateKey>false</isSurrogateKey>
<indexColumnUsage>
<colUsage columnID="7CBE1D86-335C-B4A3-C5B7-344754802AC3"/>
</indexColumnUsage>
</ind_PK_UK>
</indexes>
</Table>