<?xml version = '1.0' encoding = 'UTF-8'?>
<Table class="oracle.dbtools.crest.model.design.relational.Table" directorySegmentName="seg_0" id="C3F475C3-D449-5B91-359C-F951EC348AE0" name="F15F2_Admin">
<createdBy>Jobin</createdBy>
<createdTime>2015-11-18 02:23:22 UTC</createdTime>
<generatorID>2CB0C8D6-D338-CBBC-7298-02E1B3F144D3</generatorID>
<ownerDesignName>New RFE Relational</ownerDesignName>
<allowColumnReorder>false</allowColumnReorder>
<existDependencyGenerateInDDl>true</existDependencyGenerateInDDl>
<parsed>true</parsed>
<columns itemClass="oracle.dbtools.crest.model.design.relational.Column">
<Column name="emp_id" id="1E949097-B131-07C4-5BB8-BEAE883F71C5">
<createdBy>Jobin</createdBy>
<createdTime>2015-11-18 02:23:22 UTC</createdTime>
<generatorID>14FFE3A2-9AD9-8C26-D70E-CCFA88303D28</generatorID>
<ownerDesignName>New RFE Relational</ownerDesignName>
<useDomainConstraints>false</useDomainConstraints>
<use>1</use>
<logicalDatatype>LOGDT011</logicalDatatype>
<ownDataTypeParameters>,,</ownDataTypeParameters>
<autoIncrementCycle>false</autoIncrementCycle>
<associations>
<colAssociation fkAssociation="1107EE9F-3298-2282-1D9A-A5C002938CAE" referredColumn="320C9199-E8D5-7264-C43F-61672DF576BD"/>
</associations>
</Column>
</columns>
<indexes itemClass="oracle.dbtools.crest.model.design.relational.Index">
<ind_PK_UK id="C31F7BE6-0F34-C67A-17DB-0666BFF31C65" name="F15F2_Admin_PK">
<createdBy>Jobin</createdBy>
<createdTime>2015-11-18 02:23:22 UTC</createdTime>
<generatorID>7DCE70E9-544E-04AF-E417-6C0C599C2B42</generatorID>
<ownerDesignName>New RFE Relational</ownerDesignName>
<pk>true</pk>
<indexState>Primary Constraint</indexState>
<isSurrogateKey>false</isSurrogateKey>
<indexColumnUsage>
<colUsage columnID="1E949097-B131-07C4-5BB8-BEAE883F71C5"/>
</indexColumnUsage>
</ind_PK_UK>
<ind_PK_UK id="1A6A5B30-449D-4600-525E-04106DA95B0F" name="F15F2_Admin_F15F2_Emp_FK">
<createdBy>Jobin</createdBy>
<createdTime>2015-11-18 02:23:22 UTC</createdTime>
<generatorID>A7447D65-F160-DB51-155D-A50FE64A6C1F</generatorID>
<ownerDesignName>New RFE Relational</ownerDesignName>
<indexState>Foreign Key</indexState>
<isSurrogateKey>false</isSurrogateKey>
<indexColumnUsage>
<colUsage columnID="1E949097-B131-07C4-5BB8-BEAE883F71C5"/>
</indexColumnUsage>
</ind_PK_UK>
</indexes>
</Table>