<?xml version = '1.0' encoding = 'UTF-8'?>
<Entity class="oracle.dbtools.crest.model.design.logical.Entity" directorySegmentName="seg_0" id="389AE38D-4499-CADD-8F72-7353991CF204" name="F15F2_RFE">
<createdBy>Jobin</createdBy>
<createdTime>2015-11-02 22:21:41 UTC</createdTime>
<ownerDesignName>New RFE</ownerDesignName>
<engineerTo>
<item key="493DE592-6597-4766-8CA7-B3FDAE387604" value="true"/>
</engineerTo>
<adequatelyNormalized>NO</adequatelyNormalized>
<expectedVolumes>0</expectedVolumes>
<fwdEngineeringStrategyName>Single Table</fwdEngineeringStrategyName>
<growthPercent>0</growthPercent>
<growthType>Year</growthType>
<maxVolumes>9999999</maxVolumes>
<minVolumes>0</minVolumes>
<normalForm>Third</normalForm>
<attributes itemClass="oracle.dbtools.crest.model.design.logical.Attribute">
<Attribute name="rfe_id" id="1F24CCD6-C348-13A1-46FC-D072AA810D93">
<createdBy>Jobin</createdBy>
<createdTime>2015-11-02 22:21:55 UTC</createdTime>
<ownerDesignName>New RFE</ownerDesignName>
<engineerTo>
<item key="493DE592-6597-4766-8CA7-B3FDAE387604" value="true"/>
</engineerTo>
<useDomainConstraints>false</useDomainConstraints>
<use>1</use>
<logicalDatatype>LOGDT011</logicalDatatype>
<ownDataTypeParameters>,,</ownDataTypeParameters>
</Attribute>
<Attribute name="emp_id" id="5064A235-9A79-085C-F127-3646C4DB9B45">
<createdBy>Jobin</createdBy>
<createdTime>2015-11-02 22:24:04 UTC</createdTime>
<generatorID>A3B450CB-F3F1-57E7-184D-7023D65B5C1E</generatorID>
<ownerDesignName>New RFE</ownerDesignName>
<engineerTo>
<item key="493DE592-6597-4766-8CA7-B3FDAE387604" value="true"/>
</engineerTo>
<nullsAllowed>true</nullsAllowed>
<referedAttribute>14FFE3A2-9AD9-8C26-D70E-CCFA88303D28</referedAttribute>
<useDomainConstraints>false</useDomainConstraints>
<use>1</use>
<logicalDatatype>LOGDT011</logicalDatatype>
<ownDataTypeParameters>,,</ownDataTypeParameters>
</Attribute>
<Attribute name="status_id" id="C4E42F3E-E57A-B81F-3B09-087EB41B3E1C">
<createdBy>Jobin</createdBy>
<createdTime>2015-11-02 22:30:04 UTC</createdTime>
<generatorID>AB6A14E8-94CD-C9A6-67DB-C01F6F186884</generatorID>
<ownerDesignName>New RFE</ownerDesignName>
<engineerTo>
<item key="493DE592-6597-4766-8CA7-B3FDAE387604" value="true"/>
</engineerTo>
<nullsAllowed>true</nullsAllowed>
<referedAttribute>72AF99C3-AA42-FF78-CC20-C13F009AE915</referedAttribute>
<useDomainConstraints>false</useDomainConstraints>
<use>1</use>
<logicalDatatype>LOGDT011</logicalDatatype>
<ownDataTypeParameters>,,</ownDataTypeParameters>
</Attribute>
<Attribute name="explanation" id="BDE6CA3A-DBD9-F7F1-BDFA-A93B678EEC01">
<createdBy>Jobin</createdBy>
<createdTime>2015-11-19 01:13:12 UTC</createdTime>
<ownerDesignName>RFE_Conceptual</ownerDesignName>
<engineerTo>
<item key="493DE592-6597-4766-8CA7-B3FDAE387604" value="true"/>
</engineerTo>
<useDomainConstraints>false</useDomainConstraints>
<use>1</use>
<logicalDatatype>LOGDT024</logicalDatatype>
<dataTypeSize>4000</dataTypeSize>
<ownDataTypeParameters>4000,,</ownDataTypeParameters>
</Attribute>
<Attribute name="alt_protections" id="D3F4CB29-7403-4089-AE22-9A05AB4AAF9E">
<createdBy>Jobin</createdBy>
<createdTime>2015-11-19 01:13:56 UTC</createdTime>
<ownerDesignName>RFE_Conceptual</ownerDesignName>
<engineerTo>
<item key="493DE592-6597-4766-8CA7-B3FDAE387604" value="true"/>
</engineerTo>
<useDomainConstraints>false</useDomainConstraints>
<use>1</use>
<logicalDatatype>LOGDT024</logicalDatatype>
<dataTypeSize>4000</dataTypeSize>
<ownDataTypeParameters>4000,,</ownDataTypeParameters>
</Attribute>
<Attribute name="approval_review_date" id="F0EA8368-AFC4-25EA-8F67-53DE0E4BB57B">
<createdBy>Jobin</createdBy>
<createdTime>2015-11-19 01:16:34 UTC</createdTime>
<ownerDesignName>RFE_Conceptual</ownerDesignName>
<engineerTo>
<item key="493DE592-6597-4766-8CA7-B3FDAE387604" value="true"/>
</engineerTo>
<nullsAllowed>true</nullsAllowed>
<useDomainConstraints>false</useDomainConstraints>
<use>1</use>
<logicalDatatype>LOGDT007</logicalDatatype>
<ownDataTypeParameters>,,</ownDataTypeParameters>
</Attribute>
</attributes>
<identifiers itemClass="oracle.dbtools.crest.model.design.logical.CandidateKey">
<identifier id="FC1B5DAA-0F12-33C9-F231-E8A90C93F426" name="F15F2_RFE PK">
<createdBy>Jobin</createdBy>
<createdTime>2015-11-02 22:22:04 UTC</createdTime>
<ownerDesignName>New RFE</ownerDesignName>
<engineerTo>
<item key="493DE592-6597-4766-8CA7-B3FDAE387604" value="true"/>
</engineerTo>
<pk>true</pk>
<usedAttributes>
<attributeRef>1F24CCD6-C348-13A1-46FC-D072AA810D93</attributeRef>
</usedAttributes>
</identifier>
</identifiers>
</Entity>