<?xml version = '1.0' encoding = 'UTF-8'?>
<Entity class="oracle.dbtools.crest.model.design.logical.Entity" directorySegmentName="seg_0" id="3CBBB1C7-3928-D32E-C311-28DDF8FDDC56" name="F15F2_Auth">
<createdBy>Jobin</createdBy>
<createdTime>2015-11-02 22:13:05 UTC</createdTime>
<ownerDesignName>New RFE</ownerDesignName>
<engineerTo>
<item key="493DE592-6597-4766-8CA7-B3FDAE387604" value="true"/>
</engineerTo>
<adequatelyNormalized>NO</adequatelyNormalized>
<expectedVolumes>0</expectedVolumes>
<fwdEngineeringStrategyName>Single Table</fwdEngineeringStrategyName>
<growthPercent>0</growthPercent>
<growthType>Year</growthType>
<maxVolumes>9999999</maxVolumes>
<minVolumes>0</minVolumes>
<normalForm>Third</normalForm>
<attributes itemClass="oracle.dbtools.crest.model.design.logical.Attribute">
<Attribute name="auth_id" id="76490989-AC9E-2BBB-BC00-4996A3A5DDE8">
<createdBy>Jobin</createdBy>
<createdTime>2015-11-02 22:13:17 UTC</createdTime>
<ownerDesignName>New RFE</ownerDesignName>
<engineerTo>
<item key="493DE592-6597-4766-8CA7-B3FDAE387604" value="true"/>
</engineerTo>
<useDomainConstraints>false</useDomainConstraints>
<use>1</use>
<logicalDatatype>LOGDT011</logicalDatatype>
<ownDataTypeParameters>,,</ownDataTypeParameters>
</Attribute>
<Attribute name="right" id="6A72AF18-7DCC-A40B-5002-FB4C313988B7">
<createdBy>Jobin</createdBy>
<createdTime>2015-11-02 22:13:37 UTC</createdTime>
<ownerDesignName>New RFE</ownerDesignName>
<engineerTo>
<item key="493DE592-6597-4766-8CA7-B3FDAE387604" value="true"/>
</engineerTo>
<nullsAllowed>true</nullsAllowed>
<useDomainConstraints>false</useDomainConstraints>
<use>1</use>
<logicalDatatype>LOGDT024</logicalDatatype>
<dataTypeSize>10</dataTypeSize>
<ownDataTypeParameters>10,,</ownDataTypeParameters>
</Attribute>
<Attribute name="emp_id" id="D00343D6-160A-DA55-0AD5-651B977B93A3">
<createdBy>Jobin</createdBy>
<createdTime>2015-11-18 01:54:37 UTC</createdTime>
<generatorID>703627AD-732C-8024-F2B6-1721BDF5C741</generatorID>
<ownerDesignName>New RFE</ownerDesignName>
<engineerTo>
<item key="493DE592-6597-4766-8CA7-B3FDAE387604" value="true"/>
</engineerTo>
<referedAttribute>14FFE3A2-9AD9-8C26-D70E-CCFA88303D28</referedAttribute>
<useDomainConstraints>false</useDomainConstraints>
<use>1</use>
<logicalDatatype>LOGDT011</logicalDatatype>
<ownDataTypeParameters>,,</ownDataTypeParameters>
</Attribute>
</attributes>
<identifiers itemClass="oracle.dbtools.crest.model.design.logical.CandidateKey">
<identifier id="F820BBC1-3F9B-40F3-7FFF-FEB32B1D911C" name="F15F2_Auth PK">
<createdBy>Jobin</createdBy>
<createdTime>2015-11-02 22:13:26 UTC</createdTime>
<ownerDesignName>New RFE</ownerDesignName>
<engineerTo>
<item key="493DE592-6597-4766-8CA7-B3FDAE387604" value="true"/>
</engineerTo>
<pk>true</pk>
<usedAttributes>
<attributeRef>76490989-AC9E-2BBB-BC00-4996A3A5DDE8</attributeRef>
</usedAttributes>
</identifier>
</identifiers>
</Entity>