<?xml version = '1.0' encoding = 'UTF-8'?>
<Entity class="oracle.dbtools.crest.model.design.logical.Entity" directorySegmentName="seg_0" id="3E947085-D53A-B80E-1CE3-C28965581E53" name="F15F2_Task">
<createdBy>Jobin</createdBy>
<createdTime>2015-11-02 22:33:34 UTC</createdTime>
<comment>Ex. &lt;br/&gt;Project: Build electronic boards&lt;br/&gt;Task: Build one of the electronic boards</comment>
<ownerDesignName>New RFE</ownerDesignName>
<engineerTo>
<item key="493DE592-6597-4766-8CA7-B3FDAE387604" value="true"/>
</engineerTo>
<adequatelyNormalized>NO</adequatelyNormalized>
<expectedVolumes>0</expectedVolumes>
<fwdEngineeringStrategyName>Single Table</fwdEngineeringStrategyName>
<growthPercent>0</growthPercent>
<growthType>Year</growthType>
<maxVolumes>9999999</maxVolumes>
<minVolumes>0</minVolumes>
<normalForm>Third</normalForm>
<attributes itemClass="oracle.dbtools.crest.model.design.logical.Attribute">
<Attribute name="task_id" id="32D30C5F-5761-C590-BB9F-B544EFFBB51B">
<createdBy>Jobin</createdBy>
<createdTime>2015-11-02 22:33:44 UTC</createdTime>
<ownerDesignName>New RFE</ownerDesignName>
<engineerTo>
<item key="493DE592-6597-4766-8CA7-B3FDAE387604" value="true"/>
</engineerTo>
<useDomainConstraints>false</useDomainConstraints>
<use>1</use>
<logicalDatatype>LOGDT011</logicalDatatype>
<ownDataTypeParameters>,,</ownDataTypeParameters>
</Attribute>
</attributes>
<identifiers itemClass="oracle.dbtools.crest.model.design.logical.CandidateKey">
<identifier id="6E42459B-78B8-C321-D568-A1246450DBDB" name="F15F2_Task PK">
<createdBy>Jobin</createdBy>
<createdTime>2015-11-02 22:33:52 UTC</createdTime>
<ownerDesignName>New RFE</ownerDesignName>
<engineerTo>
<item key="493DE592-6597-4766-8CA7-B3FDAE387604" value="true"/>
</engineerTo>
<pk>true</pk>
<usedAttributes>
<attributeRef>32D30C5F-5761-C590-BB9F-B544EFFBB51B</attributeRef>
</usedAttributes>
</identifier>
</identifiers>
</Entity>