<?xml version = '1.0' encoding = 'UTF-8'?>
<Entity class="oracle.dbtools.crest.model.design.logical.Entity" directorySegmentName="seg_0" id="99826992-A0E7-9C26-29BC-A4E1B467B27E" name="F15F2_Comments">
<createdBy>Jobin</createdBy>
<createdTime>2015-11-02 22:36:37 UTC</createdTime>
<ownerDesignName>New RFE</ownerDesignName>
<adequatelyNormalized>NO</adequatelyNormalized>
<expectedVolumes>0</expectedVolumes>
<fwdEngineeringStrategyName>Single Table</fwdEngineeringStrategyName>
<growthPercent>0</growthPercent>
<growthType>Year</growthType>
<maxVolumes>9999999</maxVolumes>
<minVolumes>0</minVolumes>
<normalForm>Third</normalForm>
<attributes itemClass="oracle.dbtools.crest.model.design.logical.Attribute">
<Attribute name="comment_id" id="045AB5DC-16C5-9B80-36C8-C880AB82C583">
<createdBy>Jobin</createdBy>
<createdTime>2015-11-02 22:36:44 UTC</createdTime>
<ownerDesignName>New RFE</ownerDesignName>
<useDomainConstraints>false</useDomainConstraints>
<use>1</use>
<logicalDatatype>LOGDT011</logicalDatatype>
<ownDataTypeParameters>,,</ownDataTypeParameters>
</Attribute>
<Attribute name="rfe_id" id="4BD04C50-4B69-5276-6751-3A75C310BF61">
<createdBy>Jobin</createdBy>
<createdTime>2015-11-02 22:37:19 UTC</createdTime>
<generatorID>0A126F2D-BAB4-D020-B68A-2B76659A0289</generatorID>
<ownerDesignName>New RFE</ownerDesignName>
<nullsAllowed>true</nullsAllowed>
<referedAttribute>1F24CCD6-C348-13A1-46FC-D072AA810D93</referedAttribute>
<useDomainConstraints>false</useDomainConstraints>
<use>1</use>
<logicalDatatype>LOGDT011</logicalDatatype>
<ownDataTypeParameters>,,</ownDataTypeParameters>
</Attribute>
<Attribute name="emp_id" id="6FFF1350-AD83-ABB7-9E01-E6F5C10A4548">
<createdBy>Jobin</createdBy>
<createdTime>2015-11-02 22:41:55 UTC</createdTime>
<generatorID>59195559-CF4D-30CC-82FF-3110F8E944C5</generatorID>
<ownerDesignName>New RFE</ownerDesignName>
<nullsAllowed>true</nullsAllowed>
<referedAttribute>14FFE3A2-9AD9-8C26-D70E-CCFA88303D28</referedAttribute>
<useDomainConstraints>false</useDomainConstraints>
<use>1</use>
<logicalDatatype>LOGDT011</logicalDatatype>
<ownDataTypeParameters>,,</ownDataTypeParameters>
</Attribute>
<Attribute name="comment_entry_date" id="2D6A3226-4E7D-79C9-1D7F-1681100627DB">
<createdBy>Jobin</createdBy>
<createdTime>2015-11-18 01:40:40 UTC</createdTime>
<ownerDesignName>New RFE</ownerDesignName>
<useDomainConstraints>false</useDomainConstraints>
<use>1</use>
<logicalDatatype>LOGDT007</logicalDatatype>
<ownDataTypeParameters>,,</ownDataTypeParameters>
</Attribute>
<Attribute name="comments" id="28165B58-02BB-153A-2A6C-61E29F0AEC07">
<createdBy>Jobin</createdBy>
<createdTime>2015-11-18 01:40:50 UTC</createdTime>
<ownerDesignName>New RFE</ownerDesignName>
<useDomainConstraints>false</useDomainConstraints>
<use>1</use>
<logicalDatatype>LOGDT024</logicalDatatype>
<dataTypeSize>400</dataTypeSize>
<ownDataTypeParameters>400,,</ownDataTypeParameters>
</Attribute>
</attributes>
<identifiers itemClass="oracle.dbtools.crest.model.design.logical.CandidateKey">
<identifier id="E9B421F3-E8AA-D669-14B2-F516ECA45A2A" name="F15F2_Comments PK">
<createdBy>Jobin</createdBy>
<createdTime>2015-11-02 22:36:51 UTC</createdTime>
<ownerDesignName>New RFE</ownerDesignName>
<pk>true</pk>
<usedAttributes>
<attributeRef>045AB5DC-16C5-9B80-36C8-C880AB82C583</attributeRef>
</usedAttributes>
</identifier>
</identifiers>
</Entity>