<?xml version = '1.0' encoding = 'UTF-8'?>
<Entity class="oracle.dbtools.crest.model.design.logical.Entity" directorySegmentName="seg_0" id="9D32718A-37C2-E279-82D2-F20FC97A7D60" name="F15F2_Doc">
<createdBy>Jobin</createdBy>
<createdTime>2015-11-02 22:35:45 UTC</createdTime>
<comment>cannata req.</comment>
<ownerDesignName>New RFE</ownerDesignName>
<adequatelyNormalized>NO</adequatelyNormalized>
<expectedVolumes>0</expectedVolumes>
<fwdEngineeringStrategyName>Single Table</fwdEngineeringStrategyName>
<growthPercent>0</growthPercent>
<growthType>Year</growthType>
<maxVolumes>9999999</maxVolumes>
<minVolumes>0</minVolumes>
<normalForm>Third</normalForm>
<attributes itemClass="oracle.dbtools.crest.model.design.logical.Attribute">
<Attribute name="doc_id" id="AC6BA74E-9886-D8E0-721C-DECC15F6F894">
<createdBy>Jobin</createdBy>
<createdTime>2015-11-02 22:35:56 UTC</createdTime>
<ownerDesignName>New RFE</ownerDesignName>
<useDomainConstraints>false</useDomainConstraints>
<use>1</use>
<logicalDatatype>LOGDT011</logicalDatatype>
<ownDataTypeParameters>,,</ownDataTypeParameters>
</Attribute>
<Attribute name="rfe_id" id="C4203448-0C28-2EE9-53CB-C0DEC64641AB">
<createdBy>Jobin</createdBy>
<createdTime>2015-11-02 22:36:29 UTC</createdTime>
<generatorID>8A008786-4D09-EC41-0FE7-7D804A889204</generatorID>
<ownerDesignName>New RFE</ownerDesignName>
<nullsAllowed>true</nullsAllowed>
<referedAttribute>1F24CCD6-C348-13A1-46FC-D072AA810D93</referedAttribute>
<useDomainConstraints>false</useDomainConstraints>
<use>1</use>
<logicalDatatype>LOGDT011</logicalDatatype>
<ownDataTypeParameters>,,</ownDataTypeParameters>
</Attribute>
<Attribute name="filename" id="35FDAEB6-4E8C-4F20-7351-A33696E11D10">
<createdBy>Jobin</createdBy>
<createdTime>2015-11-23 15:17:34 UTC</createdTime>
<ownerDesignName>F15F2_Conceptual</ownerDesignName>
<nullsAllowed>true</nullsAllowed>
<useDomainConstraints>false</useDomainConstraints>
<use>1</use>
<logicalDatatype>LOGDT024</logicalDatatype>
<dataTypeSize>4000</dataTypeSize>
<ownDataTypeParameters>4000,,</ownDataTypeParameters>
</Attribute>
<Attribute name="file_mimetype" id="93E73108-4099-4C14-A21A-9D5AFB46790C">
<createdBy>Jobin</createdBy>
<createdTime>2015-11-23 15:17:52 UTC</createdTime>
<ownerDesignName>F15F2_Conceptual</ownerDesignName>
<nullsAllowed>true</nullsAllowed>
<useDomainConstraints>false</useDomainConstraints>
<use>1</use>
<logicalDatatype>LOGDT024</logicalDatatype>
<dataTypeSize>512</dataTypeSize>
<ownDataTypeParameters>512,,</ownDataTypeParameters>
</Attribute>
<Attribute name="file_charset" id="EF3BDB91-6FD8-1D0F-E697-456036CDA596">
<createdBy>Jobin</createdBy>
<createdTime>2015-11-23 15:18:05 UTC</createdTime>
<ownerDesignName>F15F2_Conceptual</ownerDesignName>
<nullsAllowed>true</nullsAllowed>
<useDomainConstraints>false</useDomainConstraints>
<use>1</use>
<logicalDatatype>LOGDT024</logicalDatatype>
<dataTypeSize>512</dataTypeSize>
<ownDataTypeParameters>512,,</ownDataTypeParameters>
</Attribute>
<Attribute name="file_blob" id="C6CD8EAD-2A55-E043-B83B-AAC1A11D3247">
<createdBy>Jobin</createdBy>
<createdTime>2015-11-23 15:18:17 UTC</createdTime>
<ownerDesignName>F15F2_Conceptual</ownerDesignName>
<nullsAllowed>true</nullsAllowed>
<useDomainConstraints>false</useDomainConstraints>
<use>1</use>
<logicalDatatype>LOGDT029</logicalDatatype>
<ownDataTypeParameters>,,</ownDataTypeParameters>
</Attribute>
<Attribute name="file_comments" id="F8D3902C-EB4C-9605-D8A3-C1010039CD5E">
<createdBy>Jobin</createdBy>
<createdTime>2015-11-23 15:18:23 UTC</createdTime>
<ownerDesignName>F15F2_Conceptual</ownerDesignName>
<nullsAllowed>true</nullsAllowed>
<useDomainConstraints>false</useDomainConstraints>
<use>1</use>
<logicalDatatype>LOGDT024</logicalDatatype>
<dataTypeSize>4000</dataTypeSize>
<ownDataTypeParameters>4000,,</ownDataTypeParameters>
</Attribute>
<Attribute name="tags" id="73EAD80C-58BC-E4B9-024F-9C66306B35C3">
<createdBy>Jobin</createdBy>
<createdTime>2015-11-23 15:18:35 UTC</createdTime>
<ownerDesignName>F15F2_Conceptual</ownerDesignName>
<nullsAllowed>true</nullsAllowed>
<useDomainConstraints>false</useDomainConstraints>
<use>1</use>
<logicalDatatype>LOGDT024</logicalDatatype>
<dataTypeSize>4000</dataTypeSize>
<ownDataTypeParameters>4000,,</ownDataTypeParameters>
</Attribute>
</attributes>
<identifiers itemClass="oracle.dbtools.crest.model.design.logical.CandidateKey">
<identifier id="94437286-8D34-AF96-7CE2-73CE08923BA3" name="F15F2_doc PK">
<createdBy>Jobin</createdBy>
<createdTime>2015-11-02 22:36:01 UTC</createdTime>
<ownerDesignName>New RFE</ownerDesignName>
<pk>true</pk>
<usedAttributes>
<attributeRef>AC6BA74E-9886-D8E0-721C-DECC15F6F894</attributeRef>
</usedAttributes>
</identifier>
</identifiers>
</Entity>