<?xml version = '1.0' encoding = 'UTF-8'?>
<relationalModel class="oracle.dbtools.crest.model.design.relational.RelationalDesign" name="Relational_1" id="493DE592-6597-4766-8CA7-B3FDAE387604" mainViewID="5EBB5992-0B82-8D96-5863-142A8522E0C8">
<createdBy>Jobin</createdBy>
<createdTime>2015-11-02 22:04:59 UTC</createdTime>
<ownerDesignName>New RFE Conceptual</ownerDesignName>
<shouldBeOpen>true</shouldBeOpen>
<selectedRDBMSSite>32076570-2523-435C-2E92-BF29817DFF70</selectedRDBMSSite>
</relationalModel>