<?xml version = '1.0' encoding = 'UTF-8'?>
<FKIndexAssociation class="oracle.dbtools.crest.model.design.relational.FKIndexAssociation" directorySegmentName="seg_0" id="1107EE9F-3298-2282-1D9A-A5C002938CAE" containerWithKeyObject="C3F475C3-D449-5B91-359C-F951EC348AE0" localFKIndex="1A6A5B30-449D-4600-525E-04106DA95B0F" name="F15F2_Admin_F15F2_Emp_FK">
<createdBy>Jobin</createdBy>
<createdTime>2015-11-18 02:23:22 UTC</createdTime>
<generatorID>A7447D65-F160-DB51-155D-A50FE64A6C1F</generatorID>
<ownerDesignName>New RFE Relational</ownerDesignName>
<deleteRule>NO ACTION</deleteRule>
<referredTableID>E33173DE-7919-7F86-3108-89E29A537468</referredTableID>
<keyObject>47AD67A3-6D6B-88A2-58B4-88896567C64E</keyObject>
<referredKeyID>47AD67A3-6D6B-88A2-58B4-88896567C64E</referredKeyID>
<mandatory>true</mandatory>
<transferable>true</transferable>
<rely>false</rely>
<columnDependencyConstraintGenerateInDDL>true</columnDependencyConstraintGenerateInDDL>
</FKIndexAssociation>