<?xml version = '1.0' encoding = 'UTF-8'?>
<FKIndexAssociation class="oracle.dbtools.crest.model.design.relational.FKIndexAssociation" directorySegmentName="seg_0" id="554173EF-EE8F-95A9-A49E-17611790C7F7" containerWithKeyObject="5E5C826D-5C58-276B-76D6-E2707389C9ED" localFKIndex="6369A109-1280-611D-662A-9CBD6E122813" name="F15F2_RFE_Tasks_F15F2_Task_FK">
<createdBy>Jobin</createdBy>
<createdTime>2015-11-18 02:23:23 UTC</createdTime>
<generatorID>36B7F924-ED12-9F5E-857E-5FAB3F3F360C</generatorID>
<ownerDesignName>New RFE Relational</ownerDesignName>
<deleteRule>NO ACTION</deleteRule>
<referredTableID>B2B80E74-F737-FEA3-74CD-D95258B62934</referredTableID>
<keyObject>BB58F1DC-F664-3CCD-1747-4ACD70CCEC7F</keyObject>
<referredKeyID>BB58F1DC-F664-3CCD-1747-4ACD70CCEC7F</referredKeyID>
<mandatory>true</mandatory>
<transferable>true</transferable>
<rely>false</rely>
<columnDependencyConstraintGenerateInDDL>true</columnDependencyConstraintGenerateInDDL>
</FKIndexAssociation>