<?xml version = '1.0' encoding = 'UTF-8'?>
<FKIndexAssociation class="oracle.dbtools.crest.model.design.relational.FKIndexAssociation" directorySegmentName="seg_0" id="5DF434F3-07E4-6CB5-9913-79DD58D422A2" containerWithKeyObject="6D9F4440-C20D-50DB-9249-71E971A92F76" localFKIndex="8985827D-B6F3-F0A6-5EE9-882FEB31DB52" name="F15F2_Comments_F15F2_Emp_FK">
<createdBy>Jobin</createdBy>
<createdTime>2015-11-18 02:23:22 UTC</createdTime>
<generatorID>59195559-CF4D-30CC-82FF-3110F8E944C5</generatorID>
<ownerDesignName>New RFE Relational</ownerDesignName>
<deleteRule>NO ACTION</deleteRule>
<referredTableID>E33173DE-7919-7F86-3108-89E29A537468</referredTableID>
<keyObject>47AD67A3-6D6B-88A2-58B4-88896567C64E</keyObject>
<referredKeyID>47AD67A3-6D6B-88A2-58B4-88896567C64E</referredKeyID>
<mandatory>false</mandatory>
<transferable>true</transferable>
<rely>false</rely>
<columnDependencyConstraintGenerateInDDL>true</columnDependencyConstraintGenerateInDDL>
</FKIndexAssociation>