<?xml version = '1.0' encoding = 'UTF-8'?>
<FKIndexAssociation class="oracle.dbtools.crest.model.design.relational.FKIndexAssociation" directorySegmentName="seg_0" id="8E3816FA-EF77-EC07-42B1-40B717ADFD37" containerWithKeyObject="6D9F4440-C20D-50DB-9249-71E971A92F76" localFKIndex="DA69E4E1-EC49-ADFA-0C27-7E63C66B06CB" name="F15F2_Comments_F15F2_RFE_FK">
<createdBy>Jobin</createdBy>
<createdTime>2015-11-18 02:23:22 UTC</createdTime>
<generatorID>0A126F2D-BAB4-D020-B68A-2B76659A0289</generatorID>
<ownerDesignName>New RFE Relational</ownerDesignName>
<deleteRule>NO ACTION</deleteRule>
<referredTableID>4DE49626-F5AF-B955-3BEB-2719208FCE2C</referredTableID>
<keyObject>D4421F86-2221-12D9-FBEE-6C4D0F9A7B2B</keyObject>
<referredKeyID>D4421F86-2221-12D9-FBEE-6C4D0F9A7B2B</referredKeyID>
<mandatory>false</mandatory>
<transferable>true</transferable>
<rely>false</rely>
<columnDependencyConstraintGenerateInDDL>true</columnDependencyConstraintGenerateInDDL>
</FKIndexAssociation>