<?xml version = '1.0' encoding = 'UTF-8'?>
<FKIndexAssociation class="oracle.dbtools.crest.model.design.relational.FKIndexAssociation" directorySegmentName="seg_0" id="E72A0F91-1062-497B-EC55-F21B7A7D6EBA" containerWithKeyObject="B1ABFDFE-1CE7-2173-143D-78F1DFD0C984" localFKIndex="05FB8B06-5FFA-3D63-4C0B-549BE3E710DF" name="F15F2_Requestor_F15F2_Emp_FK">
<createdBy>Jobin</createdBy>
<createdTime>2015-11-18 02:23:22 UTC</createdTime>
<generatorID>ED7672E0-BD2A-A656-2378-8B654FCF4CDA</generatorID>
<ownerDesignName>New RFE Relational</ownerDesignName>
<deleteRule>NO ACTION</deleteRule>
<referredTableID>E33173DE-7919-7F86-3108-89E29A537468</referredTableID>
<keyObject>47AD67A3-6D6B-88A2-58B4-88896567C64E</keyObject>
<referredKeyID>47AD67A3-6D6B-88A2-58B4-88896567C64E</referredKeyID>
<mandatory>true</mandatory>
<transferable>true</transferable>
<rely>false</rely>
<columnDependencyConstraintGenerateInDDL>true</columnDependencyConstraintGenerateInDDL>
</FKIndexAssociation>