<?xml version = '1.0' encoding = 'UTF-8'?>
<FKIndexAssociation class="oracle.dbtools.crest.model.design.relational.FKIndexAssociation" directorySegmentName="seg_0" id="E9CDEF4D-CBEE-A30F-440E-2C6444A04C5D" containerWithKeyObject="06063C0F-A8B3-8B4B-D8D8-60164C1E8835" localFKIndex="51E1A36F-DBC3-4B59-ACC2-7A9F81707938" name="F15F2_Contacts_F15F2_Emp_FK">
<createdBy>Jobin</createdBy>
<createdTime>2015-11-18 02:23:22 UTC</createdTime>
<generatorID>BD7D0087-B23D-FE5A-0B86-11531E00A15A</generatorID>
<ownerDesignName>New RFE Relational</ownerDesignName>
<deleteRule>NO ACTION</deleteRule>
<referredTableID>E33173DE-7919-7F86-3108-89E29A537468</referredTableID>
<keyObject>47AD67A3-6D6B-88A2-58B4-88896567C64E</keyObject>
<referredKeyID>47AD67A3-6D6B-88A2-58B4-88896567C64E</referredKeyID>
<mandatory>true</mandatory>
<transferable>true</transferable>
<rely>false</rely>
<columnDependencyConstraintGenerateInDDL>true</columnDependencyConstraintGenerateInDDL>
</FKIndexAssociation>