<?xml version = '1.0' encoding = 'UTF-8'?>
<Relation class="oracle.dbtools.crest.model.design.logical.Relation" name="Relation_22" directorySegmentName="seg_0" id="36B7F924-ED12-9F5E-857E-5FAB3F3F360C">
<createdBy>Jobin</createdBy>
<createdTime>2015-11-18 02:19:50 UTC</createdTime>
<ownerDesignName>New RFE Relational</ownerDesignName>
<engineerTo>
<item key="493DE592-6597-4766-8CA7-B3FDAE387604" value="true"/>
</engineerTo>
<sourcePk>6E42459B-78B8-C321-D568-A1246450DBDB</sourcePk>
<identifying>false</identifying>
<optionalSource>true</optionalSource>
<optionalTarget>false</optionalTarget>
<sourceCardinality>1</sourceCardinality>
<sourceEntity>3E947085-D53A-B80E-1CE3-C28965581E53</sourceEntity>
<targetCardinalityString>*</targetCardinalityString>
<targetEntity>6F0723E4-8DFF-C56E-7DA1-6A35B557C7A3</targetEntity>
<transferable>true</transferable>
<deleteRule>NO ACTION</deleteRule>
</Relation>