<?xml version = '1.0' encoding = 'UTF-8'?>
<Relation class="oracle.dbtools.crest.model.design.logical.Relation" name="Relation_21" directorySegmentName="seg_0" id="8C552897-F197-C876-9C01-BE34026BEE6E">
<createdBy>Jobin</createdBy>
<createdTime>2015-11-18 02:19:46 UTC</createdTime>
<ownerDesignName>New RFE Relational</ownerDesignName>
<engineerTo>
<item key="493DE592-6597-4766-8CA7-B3FDAE387604" value="true"/>
</engineerTo>
<sourcePk>FC1B5DAA-0F12-33C9-F231-E8A90C93F426</sourcePk>
<identifying>false</identifying>
<optionalSource>true</optionalSource>
<optionalTarget>false</optionalTarget>
<sourceCardinality>1</sourceCardinality>
<sourceEntity>389AE38D-4499-CADD-8F72-7353991CF204</sourceEntity>
<targetCardinalityString>*</targetCardinalityString>
<targetEntity>6F0723E4-8DFF-C56E-7DA1-6A35B557C7A3</targetEntity>
<transferable>true</transferable>
<deleteRule>NO ACTION</deleteRule>
</Relation>