<?xml version = '1.0' encoding = 'UTF-8'?>
<Relation class="oracle.dbtools.crest.model.design.logical.Relation" name="Relation_13" directorySegmentName="seg_0" id="0A126F2D-BAB4-D020-B68A-2B76659A0289">
<createdBy>Jobin</createdBy>
<createdTime>2015-11-02 22:37:19 UTC</createdTime>
<ownerDesignName>New RFE Relational</ownerDesignName>
<engineerTo>
<item key="493DE592-6597-4766-8CA7-B3FDAE387604" value="true"/>
</engineerTo>
<sourcePk>FC1B5DAA-0F12-33C9-F231-E8A90C93F426</sourcePk>
<identifying>false</identifying>
<optionalSource>true</optionalSource>
<optionalTarget>true</optionalTarget>
<sourceCardinality>1</sourceCardinality>
<sourceEntity>389AE38D-4499-CADD-8F72-7353991CF204</sourceEntity>
<targetCardinalityString>*</targetCardinalityString>
<targetEntity>99826992-A0E7-9C26-29BC-A4E1B467B27E</targetEntity>
<transferable>true</transferable>
<deleteRule>NO ACTION</deleteRule>
</Relation>