<?xml version = '1.0' encoding = 'UTF-8'?>
<Relation class="oracle.dbtools.crest.model.design.logical.Relation" name="Relation_14" directorySegmentName="seg_0" id="59195559-CF4D-30CC-82FF-3110F8E944C5">
<createdBy>Jobin</createdBy>
<createdTime>2015-11-02 22:41:55 UTC</createdTime>
<ownerDesignName>New RFE Relational</ownerDesignName>
<engineerTo>
<item key="493DE592-6597-4766-8CA7-B3FDAE387604" value="true"/>
</engineerTo>
<sourcePk>7DCE70E9-544E-04AF-E417-6C0C599C2B42</sourcePk>
<identifying>false</identifying>
<optionalSource>true</optionalSource>
<optionalTarget>true</optionalTarget>
<sourceCardinality>1</sourceCardinality>
<sourceEntity>9F6BF17F-FE4A-6C09-E842-8B60E62244BC</sourceEntity>
<targetCardinalityString>*</targetCardinalityString>
<targetEntity>99826992-A0E7-9C26-29BC-A4E1B467B27E</targetEntity>
<transferable>true</transferable>
<deleteRule>NO ACTION</deleteRule>
</Relation>