<?xml version = '1.0' encoding = 'UTF-8'?>
<Relation class="oracle.dbtools.crest.model.design.logical.Relation" name="Relation_1" directorySegmentName="seg_0" id="703627AD-732C-8024-F2B6-1721BDF5C741">
<createdBy>Jobin</createdBy>
<createdTime>2015-11-02 22:15:56 UTC</createdTime>
<ownerDesignName>New RFE Relational</ownerDesignName>
<engineerTo>
<item key="493DE592-6597-4766-8CA7-B3FDAE387604" value="true"/>
</engineerTo>
<sourcePk>7DCE70E9-544E-04AF-E417-6C0C599C2B42</sourcePk>
<targetPk>F820BBC1-3F9B-40F3-7FFF-FEB32B1D911C</targetPk>
<identifying>false</identifying>
<optionalSource>true</optionalSource>
<optionalTarget>false</optionalTarget>
<sourceCardinality>1</sourceCardinality>
<sourceEntity>9F6BF17F-FE4A-6C09-E842-8B60E62244BC</sourceEntity>
<targetCardinalityString>1</targetCardinalityString>
<targetEntity>3CBBB1C7-3928-D32E-C311-28DDF8FDDC56</targetEntity>
<transferable>true</transferable>
<deleteRule>NO ACTION</deleteRule>
</Relation>