<?xml version = '1.0' encoding = 'UTF-8'?>
<Relation class="oracle.dbtools.crest.model.design.logical.Relation" name="Relation_10" directorySegmentName="seg_0" id="A51BE359-3C5F-5149-CFE3-8C281E03771A">
<createdBy>Jobin</createdBy>
<createdTime>2015-11-02 22:32:43 UTC</createdTime>
<ownerDesignName>New RFE Relational</ownerDesignName>
<engineerTo>
<item key="493DE592-6597-4766-8CA7-B3FDAE387604" value="true"/>
</engineerTo>
<sourcePk>FC1B5DAA-0F12-33C9-F231-E8A90C93F426</sourcePk>
<identifying>false</identifying>
<optionalSource>true</optionalSource>
<optionalTarget>true</optionalTarget>
<sourceCardinality>1</sourceCardinality>
<sourceEntity>389AE38D-4499-CADD-8F72-7353991CF204</sourceEntity>
<targetCardinalityString>*</targetCardinalityString>
<targetEntity>D7E6B653-4679-2A01-F29D-F561D3AFD61E</targetEntity>
<transferable>true</transferable>
<deleteRule>NO ACTION</deleteRule>
</Relation>