<?xml version = '1.0' encoding = 'UTF-8'?>
<Diagram class="oracle.dbtools.crest.swingui.logical.DPVLogical" name="Logical" id="62BFBDFB-183E-0360-30BA-FEE4C66C8B91">
<createdBy>Jobin</createdBy>
<modifiedBy>Jobin</modifiedBy>
<createdTime>2015-11-02 22:02:17 UTC</createdTime>
<autoRoute>false</autoRoute>
<boxInbox>false</boxInbox>
<showLegend>false</showLegend>
<showLabels>false</showLabels>
<showRelAttributes>false</showRelAttributes>
<gridEnabled>false</gridEnabled>
<showGrid>false</showGrid>
<diagramColor>-1</diagramColor>
<display>false</display>
<notation>2</notation>
<objectViews>
<OView class="oracle.dbtools.crest.swingui.logical.TVEntity" oid="0318FB66-F026-7321-386E-221760B7EDB5" otype="Entity" vid="DB6DB503-7DB5-7725-CE4B-797DBFE32DF9">
<hideElementsInCurrentOnly>false</hideElementsInCurrentOnly>
<bounds x="528" y="68" width="169" height="94"/>
</OView>
<OView class="oracle.dbtools.crest.swingui.TVNote" oid="061981E2-2621-DD19-9A83-9BF66754844F" otype="Note" vid="82104B37-EE02-01B5-76B1-C785F0A2E6C1">
<hideElementsInCurrentOnly>false</hideElementsInCurrentOnly>
<bounds x="1023" y="346" width="272" height="107"/>
<comment>Check constraint on right = &quot;Edit&quot;, &quot;View&quot;&lt;br/&gt;&lt;br/&gt;A person with this authorization can either view or edit&lt;br/&gt;Requester can edit their own, otherwise check constraint&lt;br/&gt;Give auth of edit, view, or none because not all employees have rights&lt;br/&gt;</comment>
</OView>
<OView class="oracle.dbtools.crest.swingui.TVNote" oid="147859A2-F3C6-7A36-645C-B6B0C7B39496" otype="Note" vid="0481B1F3-55B6-898D-7588-475B5914F01D">
<hideElementsInCurrentOnly>false</hideElementsInCurrentOnly>
<bounds x="325" y="298" width="75" height="32"/>
<comment>Requestor&lt;br/&gt;- Can edit RFE</comment>
</OView>
<OView class="oracle.dbtools.crest.swingui.logical.TVEntity" oid="389AE38D-4499-CADD-8F72-7353991CF204" otype="Entity" vid="BCA3B552-C9B0-2155-FF76-E5CBE777130F">
<hideElementsInCurrentOnly>false</hideElementsInCurrentOnly>
<bounds x="232" y="451" width="170" height="110"/>
</OView>
<OView class="oracle.dbtools.crest.swingui.logical.TVEntity" oid="3CBBB1C7-3928-D32E-C311-28DDF8FDDC56" otype="Entity" vid="59B3F90F-67AC-8941-F259-99F033CD0864">
<hideElementsInCurrentOnly>false</hideElementsInCurrentOnly>
<bounds x="535" y="194" width="156" height="88"/>
</OView>
<OView class="oracle.dbtools.crest.swingui.logical.TVEntity" oid="3E947085-D53A-B80E-1CE3-C28965581E53" otype="Entity" vid="4ED631BF-09A0-0876-E590-943099C369D3">
<hideElementsInCurrentOnly>false</hideElementsInCurrentOnly>
<bounds x="714" y="373" width="180" height="117"/>
</OView>
<OView class="oracle.dbtools.crest.swingui.logical.TVEntity" oid="6F0723E4-8DFF-C56E-7DA1-6A35B557C7A3" otype="Entity" vid="28100727-E387-3E16-BA15-97FCE8DAA3BE">
<hideElementsInCurrentOnly>false</hideElementsInCurrentOnly>
<bounds x="486" y="388" width="132" height="87"/>
</OView>
<OView class="oracle.dbtools.crest.swingui.TVNote" oid="98749F57-D1F4-82AA-B7DA-657F451476D9" otype="Note" vid="52324653-2DEB-7D22-C7C7-A3EB38CFC8AD">
<hideElementsInCurrentOnly>false</hideElementsInCurrentOnly>
<bounds x="414" y="314" width="69" height="31"/>
<comment>Approvers&lt;br/&gt;- Can edit</comment>
</OView>
<OView class="oracle.dbtools.crest.swingui.logical.TVEntity" oid="99826992-A0E7-9C26-29BC-A4E1B467B27E" otype="Entity" vid="A9E319D3-6D87-A0DF-59BE-0DC1F97A969B">
<hideElementsInCurrentOnly>false</hideElementsInCurrentOnly>
<bounds x="4" y="181" width="151" height="99"/>
</OView>
<OView class="oracle.dbtools.crest.swingui.logical.TVEntity" oid="9D32718A-37C2-E279-82D2-F20FC97A7D60" otype="Entity" vid="1457F2F9-9BB6-EF7C-893E-43F2094A0AC8">
<hideElementsInCurrentOnly>false</hideElementsInCurrentOnly>
<bounds x="9" y="502" width="170" height="110"/>
</OView>
<OView class="oracle.dbtools.crest.swingui.logical.TVEntity" oid="9F6BF17F-FE4A-6C09-E842-8B60E62244BC" otype="Entity" vid="71433395-D205-3600-3BF3-6248AA1378BE">
<hideElementsInCurrentOnly>false</hideElementsInCurrentOnly>
<bounds x="218" y="35" width="230" height="250"/>
</OView>
<OView class="oracle.dbtools.crest.swingui.TVNote" oid="A2139FB7-3EDE-7556-1E53-8DF31D507376" otype="Note" vid="71E0EE38-049E-AAB5-B8FE-F7638D40F77F">
<hideElementsInCurrentOnly>false</hideElementsInCurrentOnly>
<bounds x="108" y="423" width="100" height="33"/>
<comment>Contacts or FYI Reviewers&lt;br/&gt;- Person that gets contacted when the RFE is approved&lt;br/&gt;- Can only view RFE</comment>
</OView>
<OView class="oracle.dbtools.crest.swingui.TVNote" oid="A7AACBBC-C554-48AD-6248-793D4DE10F76" otype="Note" vid="DF49726B-E554-FDC4-FC19-C18D92236DA1">
<hideElementsInCurrentOnly>false</hideElementsInCurrentOnly>
<bounds x="1319" y="182" width="95" height="40"/>
<comment>Can remove one of the FKs?</comment>
</OView>
<OView class="oracle.dbtools.crest.swingui.logical.TVEntity" oid="AF3AB0E3-040A-CAEE-BFFD-11B3E9686C82" otype="Entity" vid="0A7645A3-EB4B-D362-A828-159896C82103">
<hideElementsInCurrentOnly>false</hideElementsInCurrentOnly>
<bounds x="509" y="506" width="161" height="116"/>
</OView>
<OView class="oracle.dbtools.crest.swingui.logical.TVEntity" oid="BA1F532E-C8B8-3D81-D90F-B83CFA3733ED" otype="Entity" vid="2AA24BCB-55F3-D2D5-4FCB-4A839C34833E">
<hideElementsInCurrentOnly>false</hideElementsInCurrentOnly>
<bounds x="260" y="337" width="125" height="81"/>
</OView>
<OView class="oracle.dbtools.crest.swingui.logical.TVEntity" oid="CAB5EF3A-68ED-63EF-4316-05BBDA4CBF66" otype="Entity" vid="5BC5DFC9-E37B-E3EB-8440-25074A2F37B5">
<hideElementsInCurrentOnly>false</hideElementsInCurrentOnly>
<bounds x="123" y="323" width="120" height="82"/>
</OView>
<OView class="oracle.dbtools.crest.swingui.logical.TVEntity" oid="D7E6B653-4679-2A01-F29D-F561D3AFD61E" otype="Entity" vid="C6511ABE-B19B-0AC0-7687-AFC3B7D8D057">
<hideElementsInCurrentOnly>false</hideElementsInCurrentOnly>
<bounds x="230" y="609" width="169" height="97"/>
</OView>
</objectViews>
<connectors>
<Connector class="oracle.dbtools.crest.swingui.logical.TVRelation" oid="0A126F2D-BAB4-D020-B68A-2B76659A0289" otype="Relation" vid_source="BCA3B552-C9B0-2155-FF76-E5CBE777130F" vid_target="A9E319D3-6D87-A0DF-59BE-0DC1F97A969B">
<hideElementsInCurrentOnly>false</hideElementsInCurrentOnly>
<lineWidth>1</lineWidth>
<points>
<point x="232" y="477"/>
<point x="36" y="477"/>
<point x="36" y="280"/>
</points>
</Connector>
<Connector class="oracle.dbtools.crest.swingui.logical.TVRelation" oid="36B7F924-ED12-9F5E-857E-5FAB3F3F360C" otype="Relation" vid_source="4ED631BF-09A0-0876-E590-943099C369D3" vid_target="28100727-E387-3E16-BA15-97FCE8DAA3BE">
<hideElementsInCurrentOnly>false</hideElementsInCurrentOnly>
<lineWidth>1</lineWidth>
<points>
<point x="714" y="431"/>
<point x="618" y="431"/>
</points>
</Connector>
<Connector class="oracle.dbtools.crest.swingui.logical.TVRelation" oid="55DF6EB3-4185-1426-0E66-1BEB11D8A4B2" otype="Relation" vid_source="BCA3B552-C9B0-2155-FF76-E5CBE777130F" vid_target="2AA24BCB-55F3-D2D5-4FCB-4A839C34833E">
<hideElementsInCurrentOnly>false</hideElementsInCurrentOnly>
<lineWidth>1</lineWidth>
<points>
<point x="322" y="451"/>
<point x="322" y="418"/>
</points>
</Connector>
<Connector class="oracle.dbtools.crest.swingui.logical.TVRelation" oid="59195559-CF4D-30CC-82FF-3110F8E944C5" otype="Relation" vid_source="71433395-D205-3600-3BF3-6248AA1378BE" vid_target="A9E319D3-6D87-A0DF-59BE-0DC1F97A969B">
<hideElementsInCurrentOnly>false</hideElementsInCurrentOnly>
<lineWidth>1</lineWidth>
<points>
<point x="218" y="201"/>
<point x="162" y="201"/>
<point x="155" y="201"/>
</points>
</Connector>
<Connector class="oracle.dbtools.crest.swingui.logical.TVRelation" oid="703627AD-732C-8024-F2B6-1721BDF5C741" otype="Relation" vid_source="71433395-D205-3600-3BF3-6248AA1378BE" vid_target="59B3F90F-67AC-8941-F259-99F033CD0864">
<hideElementsInCurrentOnly>false</hideElementsInCurrentOnly>
<lineWidth>1</lineWidth>
<points>
<point x="448" y="238"/>
<point x="535" y="238"/>
</points>
</Connector>
<Connector class="oracle.dbtools.crest.swingui.logical.TVRelation" oid="839F9806-CD96-71EE-1944-A73C391CCA6C" otype="Relation" vid_source="DB6DB503-7DB5-7725-CE4B-797DBFE32DF9" vid_target="71433395-D205-3600-3BF3-6248AA1378BE">
<hideElementsInCurrentOnly>false</hideElementsInCurrentOnly>
<lineWidth>1</lineWidth>
<points>
<point x="528" y="115"/>
<point x="448" y="115"/>
</points>
</Connector>
<Connector class="oracle.dbtools.crest.swingui.logical.TVRelation" oid="8A008786-4D09-EC41-0FE7-7D804A889204" otype="Relation" vid_source="BCA3B552-C9B0-2155-FF76-E5CBE777130F" vid_target="1457F2F9-9BB6-EF7C-893E-43F2094A0AC8">
<hideElementsInCurrentOnly>false</hideElementsInCurrentOnly>
<lineWidth>1</lineWidth>
<points>
<point x="232" y="531"/>
<point x="179" y="531"/>
</points>
</Connector>
<Connector class="oracle.dbtools.crest.swingui.logical.TVRelation" oid="8C552897-F197-C876-9C01-BE34026BEE6E" otype="Relation" vid_source="BCA3B552-C9B0-2155-FF76-E5CBE777130F" vid_target="28100727-E387-3E16-BA15-97FCE8DAA3BE">
<hideElementsInCurrentOnly>false</hideElementsInCurrentOnly>
<lineWidth>1</lineWidth>
<points>
<point x="402" y="463"/>
<point x="486" y="463"/>
</points>
</Connector>
<Connector class="oracle.dbtools.crest.swingui.logical.TVRelation" oid="A3B450CB-F3F1-57E7-184D-7023D65B5C1E" otype="Relation" vid_source="71433395-D205-3600-3BF3-6248AA1378BE" vid_target="BCA3B552-C9B0-2155-FF76-E5CBE777130F">
<hideElementsInCurrentOnly>false</hideElementsInCurrentOnly>
<lineWidth>1</lineWidth>
<points>
<point x="423" y="285"/>
<point x="391" y="451"/>
</points>
</Connector>
<Connector class="oracle.dbtools.crest.swingui.logical.TVRelation" oid="A51BE359-3C5F-5149-CFE3-8C281E03771A" otype="Relation" vid_source="BCA3B552-C9B0-2155-FF76-E5CBE777130F" vid_target="C6511ABE-B19B-0AC0-7687-AFC3B7D8D057">
<hideElementsInCurrentOnly>false</hideElementsInCurrentOnly>
<lineWidth>1</lineWidth>
<points>
<point x="315" y="561"/>
<point x="315" y="609"/>
</points>
</Connector>
<Connector class="oracle.dbtools.crest.swingui.logical.TVRelation" oid="AB6A14E8-94CD-C9A6-67DB-C01F6F186884" otype="Relation" vid_source="0A7645A3-EB4B-D362-A828-159896C82103" vid_target="BCA3B552-C9B0-2155-FF76-E5CBE777130F">
<hideElementsInCurrentOnly>false</hideElementsInCurrentOnly>
<lineWidth>1</lineWidth>
<points>
<point x="509" y="533"/>
<point x="402" y="533"/>
</points>
</Connector>
<Connector class="oracle.dbtools.crest.swingui.logical.TVRelation" oid="BD7D0087-B23D-FE5A-0B86-11531E00A15A" otype="Relation" vid_source="71433395-D205-3600-3BF3-6248AA1378BE" vid_target="5BC5DFC9-E37B-E3EB-8440-25074A2F37B5">
<hideElementsInCurrentOnly>false</hideElementsInCurrentOnly>
<lineWidth>1</lineWidth>
<points>
<point x="230" y="285"/>
<point x="230" y="323"/>
</points>
</Connector>
<Connector class="oracle.dbtools.crest.swingui.logical.TVRelation" oid="E6421FC4-C78F-6D84-E869-29A9355846AD" otype="Relation" vid_source="BCA3B552-C9B0-2155-FF76-E5CBE777130F" vid_target="5BC5DFC9-E37B-E3EB-8440-25074A2F37B5">
<hideElementsInCurrentOnly>false</hideElementsInCurrentOnly>
<lineWidth>1</lineWidth>
<points>
<point x="237" y="451"/>
<point x="237" y="405"/>
</points>
</Connector>
<Connector class="oracle.dbtools.crest.swingui.logical.TVRelation" oid="ED7672E0-BD2A-A656-2378-8B654FCF4CDA" otype="Relation" vid_source="71433395-D205-3600-3BF3-6248AA1378BE" vid_target="2AA24BCB-55F3-D2D5-4FCB-4A839C34833E">
<hideElementsInCurrentOnly>false</hideElementsInCurrentOnly>
<lineWidth>1</lineWidth>
<points>
<point x="322" y="285"/>
<point x="322" y="337"/>
</points>
</Connector>
</connectors>
</Diagram>